2026-03-23T10:39:00.288+07:00  INFO 11444 --- [GateWayService] [main] c.e.G.GateWayServiceApplication          : Starting GateWayServiceApplication using Java 25.0.1 with PID 11444 (C:\Users\vuna1\Desktop\learniverse\learniverse\GateWayService\target\classes started by vuna1 in C:\Users\vuna1\Desktop\learniverse\learniverse)
2026-03-23T10:39:00.291+07:00  INFO 11444 --- [GateWayService] [main] c.e.G.GateWayServiceApplication          : No active profile set, falling back to 1 default profile: "default"
2026-03-23T10:39:00.316+07:00  INFO 11444 --- [GateWayService] [main] o.s.c.c.c.ConfigServerConfigDataLoader   : Fetching config from server at : http://localhost:8082
2026-03-23T10:39:00.316+07:00  INFO 11444 --- [GateWayService] [main] o.s.c.c.c.ConfigServerConfigDataLoader   : Located environment: name=GateWayService, profiles=[default], label=null, version=null, state=null
2026-03-23T10:39:01.264+07:00  INFO 11444 --- [GateWayService] [main] o.s.cloud.context.scope.GenericScope     : BeanFactory id=d65fe887-e1f0-34ae-9153-6718d0cb11aa
2026-03-23T10:39:01.723+07:00  WARN 11444 --- [GateWayService] [main] GatewayClassPathWarningAutoConfiguration : 

**********************************************************

The artifact spring-cloud-gateway-server is deprecated. It will be removed in the next major release. Please add spring-cloud-gateway-server-webflux dependency.

**********************************************************


2026-03-23T10:39:01.937+07:00  INFO 11444 --- [GateWayService] [main] o.s.c.g.r.RouteDefinitionRouteLocator    : Loaded RoutePredicateFactory [After]
2026-03-23T10:39:01.937+07:00  INFO 11444 --- [GateWayService] [main] o.s.c.g.r.RouteDefinitionRouteLocator    : Loaded RoutePredicateFactory [Before]
2026-03-23T10:39:01.938+07:00  INFO 11444 --- [GateWayService] [main] o.s.c.g.r.RouteDefinitionRouteLocator    : Loaded RoutePredicateFactory [Between]
2026-03-23T10:39:01.938+07:00  INFO 11444 --- [GateWayService] [main] o.s.c.g.r.RouteDefinitionRouteLocator    : Loaded RoutePredicateFactory [Cookie]
2026-03-23T10:39:01.938+07:00  INFO 11444 --- [GateWayService] [main] o.s.c.g.r.RouteDefinitionRouteLocator    : Loaded RoutePredicateFactory [Header]
2026-03-23T10:39:01.938+07:00  INFO 11444 --- [GateWayService] [main] o.s.c.g.r.RouteDefinitionRouteLocator    : Loaded RoutePredicateFactory [Host]
2026-03-23T10:39:01.938+07:00  INFO 11444 --- [GateWayService] [main] o.s.c.g.r.RouteDefinitionRouteLocator    : Loaded RoutePredicateFactory [Method]
2026-03-23T10:39:01.938+07:00  INFO 11444 --- [GateWayService] [main] o.s.c.g.r.RouteDefinitionRouteLocator    : Loaded RoutePredicateFactory [Path]
2026-03-23T10:39:01.938+07:00  INFO 11444 --- [GateWayService] [main] o.s.c.g.r.RouteDefinitionRouteLocator    : Loaded RoutePredicateFactory [Query]
2026-03-23T10:39:01.938+07:00  INFO 11444 --- [GateWayService] [main] o.s.c.g.r.RouteDefinitionRouteLocator    : Loaded RoutePredicateFactory [ReadBody]
2026-03-23T10:39:01.939+07:00  INFO 11444 --- [GateWayService] [main] o.s.c.g.r.RouteDefinitionRouteLocator    : Loaded RoutePredicateFactory [RemoteAddr]
2026-03-23T10:39:01.939+07:00  INFO 11444 --- [GateWayService] [main] o.s.c.g.r.RouteDefinitionRouteLocator    : Loaded RoutePredicateFactory [XForwardedRemoteAddr]
2026-03-23T10:39:01.939+07:00  INFO 11444 --- [GateWayService] [main] o.s.c.g.r.RouteDefinitionRouteLocator    : Loaded RoutePredicateFactory [Weight]
2026-03-23T10:39:01.939+07:00  INFO 11444 --- [GateWayService] [main] o.s.c.g.r.RouteDefinitionRouteLocator    : Loaded RoutePredicateFactory [CloudFoundryRouteService]
2026-03-23T10:39:02.167+07:00  INFO 11444 --- [GateWayService] [main] o.s.b.a.e.web.EndpointLinksResolver      : Exposing 30 endpoints beneath base path '/actuator'
2026-03-23T10:39:02.334+07:00  INFO 11444 --- [GateWayService] [main] DiscoveryClientOptionalArgsConfiguration : Eureka HTTP Client uses RestTemplate.
2026-03-23T10:39:02.346+07:00  WARN 11444 --- [GateWayService] [main] s.w.s.StarterDeprecatedAutoConfiguration : 

**********************************************************

spring-cloud-starter-gateway is deprecated. It will be removed in the next major release. Please use spring-cloud-starter-gateway-server-webflux instead.

**********************************************************


2026-03-23T10:39:02.352+07:00  WARN 11444 --- [GateWayService] [main] iguration$LoadBalancerCaffeineWarnLogger : Spring Cloud LoadBalancer is currently working with the default cache. While this cache implementation is useful for development and tests, it's recommended to use Caffeine cache in production.You can switch to using Caffeine cache, by adding it and org.springframework.cache.caffeine.CaffeineCacheManager to the classpath.
2026-03-23T10:39:02.386+07:00  INFO 11444 --- [GateWayService] [main] o.s.c.n.eureka.InstanceInfoFactory       : Setting initial instance status as: STARTING
2026-03-23T10:39:02.402+07:00  INFO 11444 --- [GateWayService] [main] com.netflix.discovery.DiscoveryClient    : Initializing Eureka in region us-east-1
2026-03-23T10:39:02.405+07:00  INFO 11444 --- [GateWayService] [main] c.n.d.s.r.aws.ConfigClusterResolver      : Resolving eureka endpoints via configuration
2026-03-23T10:39:02.411+07:00  INFO 11444 --- [GateWayService] [main] com.netflix.discovery.DiscoveryClient    : Disable delta property : false
2026-03-23T10:39:02.412+07:00  INFO 11444 --- [GateWayService] [main] com.netflix.discovery.DiscoveryClient    : Single vip registry refresh property : null
2026-03-23T10:39:02.412+07:00  INFO 11444 --- [GateWayService] [main] com.netflix.discovery.DiscoveryClient    : Force full registry fetch : false
2026-03-23T10:39:02.412+07:00  INFO 11444 --- [GateWayService] [main] com.netflix.discovery.DiscoveryClient    : Application is null : false
2026-03-23T10:39:02.412+07:00  INFO 11444 --- [GateWayService] [main] com.netflix.discovery.DiscoveryClient    : Registered Applications size is zero : true
2026-03-23T10:39:02.412+07:00  INFO 11444 --- [GateWayService] [main] com.netflix.discovery.DiscoveryClient    : Application version is -1: true
2026-03-23T10:39:02.413+07:00  INFO 11444 --- [GateWayService] [main] com.netflix.discovery.DiscoveryClient    : Getting all instance registry info from the eureka server
2026-03-23T10:39:02.645+07:00  INFO 11444 --- [GateWayService] [main] com.netflix.discovery.DiscoveryClient    : The response status is 200
2026-03-23T10:39:02.646+07:00  INFO 11444 --- [GateWayService] [main] com.netflix.discovery.DiscoveryClient    : Starting heartbeat executor: renew interval is: 30
2026-03-23T10:39:02.647+07:00  INFO 11444 --- [GateWayService] [main] c.n.discovery.InstanceInfoReplicator     : InstanceInfoReplicator onDemand update allowed rate per min is 4
2026-03-23T10:39:02.648+07:00  INFO 11444 --- [GateWayService] [main] com.netflix.discovery.DiscoveryClient    : Discovery Client initialized at timestamp 1774237142647 with initial instances count: 0
2026-03-23T10:39:02.650+07:00  INFO 11444 --- [GateWayService] [main] o.s.c.n.e.s.EurekaServiceRegistry        : Registering application GATEWAYSERVICE with eureka with status UP
2026-03-23T10:39:02.650+07:00  INFO 11444 --- [GateWayService] [main] com.netflix.discovery.DiscoveryClient    : Saw local status change event StatusChangeEvent [timestamp=1774237142650, current=UP, previous=STARTING]
2026-03-23T10:39:02.651+07:00  INFO 11444 --- [GateWayService] [DiscoveryClient-InstanceInfoReplicator-%d] com.netflix.discovery.DiscoveryClient    : DiscoveryClient_GATEWAYSERVICE/host.docker.internal:GateWayService:8084: registering service...
2026-03-23T10:39:02.700+07:00  INFO 11444 --- [GateWayService] [DiscoveryClient-InstanceInfoReplicator-%d] com.netflix.discovery.DiscoveryClient    : DiscoveryClient_GATEWAYSERVICE/host.docker.internal:GateWayService:8084 - registration status: 204
2026-03-23T10:39:02.743+07:00  INFO 11444 --- [GateWayService] [main] o.s.b.web.embedded.netty.NettyWebServer  : Netty started on port 8084 (http)
2026-03-23T10:39:02.744+07:00  INFO 11444 --- [GateWayService] [main] .s.c.n.e.s.EurekaAutoServiceRegistration : Updating port to 8084
2026-03-23T10:39:02.766+07:00  INFO 11444 --- [GateWayService] [main] c.e.G.GateWayServiceApplication          : Started GateWayServiceApplication in 3.194 seconds (process running for 3.63)
2026-03-23T10:39:11.670+07:00  WARN 11444 --- [GateWayService] [reactor-http-nio-3] o.s.c.l.core.RoundRobinLoadBalancer      : No servers available for service: UserService
2026-03-23T10:39:14.028+07:00  WARN 11444 --- [GateWayService] [reactor-http-nio-3] o.s.c.l.core.RoundRobinLoadBalancer      : No servers available for service: UserService
2026-03-23T10:39:14.873+07:00  WARN 11444 --- [GateWayService] [reactor-http-nio-3] o.s.c.l.core.RoundRobinLoadBalancer      : No servers available for service: UserService
2026-03-23T10:39:32.647+07:00  INFO 11444 --- [GateWayService] [DiscoveryClient-CacheRefreshExecutor-%d] com.netflix.discovery.DiscoveryClient    : Disable delta property : false
2026-03-23T10:39:32.647+07:00  INFO 11444 --- [GateWayService] [DiscoveryClient-CacheRefreshExecutor-%d] com.netflix.discovery.DiscoveryClient    : Single vip registry refresh property : null
2026-03-23T10:39:32.647+07:00  INFO 11444 --- [GateWayService] [DiscoveryClient-CacheRefreshExecutor-%d] com.netflix.discovery.DiscoveryClient    : Force full registry fetch : false
2026-03-23T10:39:32.647+07:00  INFO 11444 --- [GateWayService] [DiscoveryClient-CacheRefreshExecutor-%d] com.netflix.discovery.DiscoveryClient    : Application is null : false
2026-03-23T10:39:32.648+07:00  INFO 11444 --- [GateWayService] [DiscoveryClient-CacheRefreshExecutor-%d] com.netflix.discovery.DiscoveryClient    : Registered Applications size is zero : true
2026-03-23T10:39:32.648+07:00  INFO 11444 --- [GateWayService] [DiscoveryClient-CacheRefreshExecutor-%d] com.netflix.discovery.DiscoveryClient    : Application version is -1: false
2026-03-23T10:39:32.648+07:00  INFO 11444 --- [GateWayService] [DiscoveryClient-CacheRefreshExecutor-%d] com.netflix.discovery.DiscoveryClient    : Getting all instance registry info from the eureka server
2026-03-23T10:39:32.669+07:00  INFO 11444 --- [GateWayService] [DiscoveryClient-CacheRefreshExecutor-%d] com.netflix.discovery.DiscoveryClient    : The response status is 200
2026-03-23T10:44:02.416+07:00  INFO 11444 --- [GateWayService] [AsyncResolver-bootstrap-executor-%d] c.n.d.s.r.aws.ConfigClusterResolver      : Resolving eureka endpoints via configuration
2026-03-23T10:45:12.626+07:00  INFO 11444 --- [GateWayService] [SpringApplicationShutdownHook] o.s.c.n.e.s.EurekaServiceRegistry        : Unregistering application GATEWAYSERVICE with eureka with status DOWN
2026-03-23T10:45:12.626+07:00  INFO 11444 --- [GateWayService] [SpringApplicationShutdownHook] com.netflix.discovery.DiscoveryClient    : Saw local status change event StatusChangeEvent [timestamp=1774237512626, current=DOWN, previous=UP]
2026-03-23T10:45:12.627+07:00  INFO 11444 --- [GateWayService] [DiscoveryClient-InstanceInfoReplicator-%d] com.netflix.discovery.DiscoveryClient    : DiscoveryClient_GATEWAYSERVICE/host.docker.internal:GateWayService:8084: registering service...
2026-03-23T10:45:12.630+07:00  INFO 11444 --- [GateWayService] [SpringApplicationShutdownHook] o.s.b.w.embedded.netty.GracefulShutdown  : Commencing graceful shutdown. Waiting for active requests to complete
2026-03-23T10:45:12.633+07:00  INFO 11444 --- [GateWayService] [netty-shutdown] o.s.b.w.embedded.netty.GracefulShutdown  : Graceful shutdown complete
2026-03-23T10:45:12.635+07:00  INFO 11444 --- [GateWayService] [DiscoveryClient-InstanceInfoReplicator-%d] com.netflix.discovery.DiscoveryClient    : DiscoveryClient_GATEWAYSERVICE/host.docker.internal:GateWayService:8084 - registration status: 204
2026-03-23T10:45:14.656+07:00  INFO 11444 --- [GateWayService] [SpringApplicationShutdownHook] com.netflix.discovery.DiscoveryClient    : Shutting down DiscoveryClient ...
2026-03-23T10:45:17.659+07:00  INFO 11444 --- [GateWayService] [SpringApplicationShutdownHook] com.netflix.discovery.DiscoveryClient    : Unregistering ...
2026-03-23T10:45:17.680+07:00  INFO 11444 --- [GateWayService] [SpringApplicationShutdownHook] c.n.d.s.t.d.RedirectingEurekaHttpClient  : Request execution error. endpoint=DefaultEndpoint{ serviceUrl='http://localhost:8083/eureka/} exception=I/O error on DELETE request for "http://localhost:8083/eureka/apps/GATEWAYSERVICE/host.docker.internal:GateWayService:8084": Connect to http://localhost:8083 failed: Connection refused: getsockopt stacktrace=org.springframework.web.client.ResourceAccessException: I/O error on DELETE request for "http://localhost:8083/eureka/apps/GATEWAYSERVICE/host.docker.internal:GateWayService:8084": Connect to http://localhost:8083 failed: Connection refused: getsockopt
	at org.springframework.web.client.RestTemplate.createResourceAccessException(RestTemplate.java:926)
	at org.springframework.web.client.RestTemplate.doExecute(RestTemplate.java:906)
	at org.springframework.web.client.RestTemplate.execute(RestTemplate.java:841)
	at org.springframework.web.client.RestTemplate.exchange(RestTemplate.java:702)
	at org.springframework.cloud.netflix.eureka.http.RestTemplateEurekaHttpClient.cancel(RestTemplateEurekaHttpClient.java:100)
	at com.netflix.discovery.shared.transport.decorator.EurekaHttpClientDecorator$2.execute(EurekaHttpClientDecorator.java:74)
	at com.netflix.discovery.shared.transport.decorator.RedirectingEurekaHttpClient.execute(RedirectingEurekaHttpClient.java:91)
	at com.netflix.discovery.shared.transport.decorator.EurekaHttpClientDecorator.cancel(EurekaHttpClientDecorator.java:71)
	at com.netflix.discovery.shared.transport.decorator.EurekaHttpClientDecorator$2.execute(EurekaHttpClientDecorator.java:74)
	at com.netflix.discovery.shared.transport.decorator.RetryableEurekaHttpClient.execute(RetryableEurekaHttpClient.java:120)
	at com.netflix.discovery.shared.transport.decorator.EurekaHttpClientDecorator.cancel(EurekaHttpClientDecorator.java:71)
	at com.netflix.discovery.shared.transport.decorator.EurekaHttpClientDecorator$2.execute(EurekaHttpClientDecorator.java:74)
	at com.netflix.discovery.shared.transport.decorator.SessionedEurekaHttpClient.execute(SessionedEurekaHttpClient.java:76)
	at com.netflix.discovery.shared.transport.decorator.EurekaHttpClientDecorator.cancel(EurekaHttpClientDecorator.java:71)
	at com.netflix.discovery.DiscoveryClient.unregister(DiscoveryClient.java:919)
	at com.netflix.discovery.DiscoveryClient.shutdown(DiscoveryClient.java:900)
	at java.base/jdk.internal.reflect.DirectMethodHandleAccessor.invoke(DirectMethodHandleAccessor.java:104)
	at java.base/java.lang.reflect.Method.invoke(Method.java:565)
	at org.springframework.beans.factory.annotation.InitDestroyAnnotationBeanPostProcessor$LifecycleMethod.invoke(InitDestroyAnnotationBeanPostProcessor.java:457)
	at org.springframework.beans.factory.annotation.InitDestroyAnnotationBeanPostProcessor$LifecycleMetadata.invokeDestroyMethods(InitDestroyAnnotationBeanPostProcessor.java:415)
	at org.springframework.beans.factory.annotation.InitDestroyAnnotationBeanPostProcessor.postProcessBeforeDestruction(InitDestroyAnnotationBeanPostProcessor.java:239)
	at org.springframework.beans.factory.support.DisposableBeanAdapter.destroy(DisposableBeanAdapter.java:202)
	at org.springframework.beans.factory.support.DisposableBeanAdapter.run(DisposableBeanAdapter.java:195)
	at org.springframework.cloud.context.scope.GenericScope$BeanLifecycleWrapper.destroy(GenericScope.java:387)
	at org.springframework.cloud.context.scope.GenericScope.destroy(GenericScope.java:134)
	at org.springframework.beans.factory.support.DisposableBeanAdapter.destroy(DisposableBeanAdapter.java:211)
	at org.springframework.beans.factory.support.DefaultSingletonBeanRegistry.destroyBean(DefaultSingletonBeanRegistry.java:798)
	at org.springframework.beans.factory.support.DefaultSingletonBeanRegistry.destroySingleton(DefaultSingletonBeanRegistry.java:748)
	at org.springframework.beans.factory.support.DefaultListableBeanFactory.destroySingleton(DefaultListableBeanFactory.java:1474)
	at org.springframework.beans.factory.support.DefaultSingletonBeanRegistry.destroySingletons(DefaultSingletonBeanRegistry.java:707)
	at org.springframework.beans.factory.support.DefaultListableBeanFactory.destroySingletons(DefaultListableBeanFactory.java:1467)
	at org.springframework.context.support.AbstractApplicationContext.destroyBeans(AbstractApplicationContext.java:1219)
	at org.springframework.context.support.AbstractApplicationContext.doClose(AbstractApplicationContext.java:1180)
	at org.springframework.boot.web.reactive.context.ReactiveWebServerApplicationContext.doClose(ReactiveWebServerApplicationContext.java:155)
	at org.springframework.context.support.AbstractApplicationContext.close(AbstractApplicationContext.java:1126)
	at org.springframework.boot.SpringApplicationShutdownHook.closeAndWait(SpringApplicationShutdownHook.java:147)
	at java.base/java.lang.Iterable.forEach(Iterable.java:75)
	at org.springframework.boot.SpringApplicationShutdownHook.run(SpringApplicationShutdownHook.java:116)
	at java.base/java.lang.Thread.run(Thread.java:1474)
Caused by: org.apache.hc.client5.http.HttpHostConnectException: Connect to http://localhost:8083 failed: Connection refused: getsockopt
	at java.base/sun.nio.ch.Net.pollConnect(Native Method)
	at java.base/sun.nio.ch.Net.pollConnectNow(Net.java:639)
	at java.base/sun.nio.ch.NioSocketImpl.timedFinishConnect(NioSocketImpl.java:543)
	at java.base/sun.nio.ch.NioSocketImpl.connect(NioSocketImpl.java:594)
	at java.base/java.net.SocksSocketImpl.connect(SocksSocketImpl.java:284)
	at java.base/java.net.Socket.connect(Socket.java:659)
	at org.apache.hc.client5.http.impl.io.DefaultHttpClientConnectionOperator.connect(DefaultHttpClientConnectionOperator.java:205)
	at org.apache.hc.client5.http.impl.io.PoolingHttpClientConnectionManager.connect(PoolingHttpClientConnectionManager.java:490)
	at org.apache.hc.client5.http.impl.classic.InternalExecRuntime.connectEndpoint(InternalExecRuntime.java:164)
	at org.apache.hc.client5.http.impl.classic.InternalExecRuntime.connectEndpoint(InternalExecRuntime.java:174)
	at org.apache.hc.client5.http.impl.classic.ConnectExec.execute(ConnectExec.java:144)
	at org.apache.hc.client5.http.impl.classic.ExecChainElement.execute(ExecChainElement.java:51)
	at org.apache.hc.client5.http.impl.classic.ProtocolExec.execute(ProtocolExec.java:195)
	at org.apache.hc.client5.http.impl.classic.ExecChainElement.execute(ExecChainElement.java:51)
	at org.apache.hc.client5.http.impl.classic.ContentCompressionExec.execute(ContentCompressionExec.java:150)
	at org.apache.hc.client5.http.impl.classic.ExecChainElement.execute(ExecChainElement.java:51)
	at org.apache.hc.client5.http.impl.classic.HttpRequestRetryExec.execute(HttpRequestRetryExec.java:113)
	at org.apache.hc.client5.http.impl.classic.ExecChainElement.execute(ExecChainElement.java:51)
	at org.apache.hc.client5.http.impl.classic.RedirectExec.execute(RedirectExec.java:110)
	at org.apache.hc.client5.http.impl.classic.ExecChainElement.execute(ExecChainElement.java:51)
	at org.apache.hc.client5.http.impl.classic.InternalHttpClient.doExecute(InternalHttpClient.java:185)
	at org.apache.hc.client5.http.impl.classic.CloseableHttpClient.execute(CloseableHttpClient.java:87)
	at org.apache.hc.client5.http.impl.classic.CloseableHttpClient.execute(CloseableHttpClient.java:55)
	at org.apache.hc.client5.http.classic.HttpClient.executeOpen(HttpClient.java:183)
	at org.springframework.http.client.HttpComponentsClientHttpRequest.executeInternal(HttpComponentsClientHttpRequest.java:99)
	at org.springframework.http.client.AbstractStreamingClientHttpRequest.executeInternal(AbstractStreamingClientHttpRequest.java:71)
	at org.springframework.http.client.AbstractClientHttpRequest.execute(AbstractClientHttpRequest.java:81)
	at org.springframework.http.client.InterceptingClientHttpRequest$InterceptingRequestExecution.execute(InterceptingClientHttpRequest.java:117)
	at org.springframework.cloud.netflix.eureka.http.RestTemplateTransportClientFactory.lambda$restTemplate$2(RestTemplateTransportClientFactory.java:145)
	at org.springframework.http.client.InterceptingClientHttpRequest$InterceptingRequestExecution.execute(InterceptingClientHttpRequest.java:88)
	at org.springframework.http.client.InterceptingClientHttpRequest.executeInternal(InterceptingClientHttpRequest.java:72)
	at org.springframework.http.client.AbstractBufferingClientHttpRequest.executeInternal(AbstractBufferingClientHttpRequest.java:48)
	at org.springframework.http.client.AbstractClientHttpRequest.execute(AbstractClientHttpRequest.java:81)
	at org.springframework.web.client.RestTemplate.doExecute(RestTemplate.java:900)
	... 37 more

2026-03-23T10:45:17.680+07:00  WARN 11444 --- [GateWayService] [SpringApplicationShutdownHook] c.n.d.s.t.d.RetryableEurekaHttpClient    : Request execution failed with message: I/O error on DELETE request for "http://localhost:8083/eureka/apps/GATEWAYSERVICE/host.docker.internal:GateWayService:8084": Connect to http://localhost:8083 failed: Connection refused: getsockopt
2026-03-23T10:45:17.705+07:00  INFO 11444 --- [GateWayService] [SpringApplicationShutdownHook] c.n.d.s.t.d.RedirectingEurekaHttpClient  : Request execution error. endpoint=DefaultEndpoint{ serviceUrl='http://localhost:8083/eureka/}, exception=I/O error on DELETE request for "http://localhost:8083/eureka/apps/GATEWAYSERVICE/host.docker.internal:GateWayService:8084": Connect to http://localhost:8083 failed: Connection refused: getsockopt stacktrace=org.springframework.web.client.ResourceAccessException: I/O error on DELETE request for "http://localhost:8083/eureka/apps/GATEWAYSERVICE/host.docker.internal:GateWayService:8084": Connect to http://localhost:8083 failed: Connection refused: getsockopt
	at org.springframework.web.client.RestTemplate.createResourceAccessException(RestTemplate.java:926)
	at org.springframework.web.client.RestTemplate.doExecute(RestTemplate.java:906)
	at org.springframework.web.client.RestTemplate.execute(RestTemplate.java:841)
	at org.springframework.web.client.RestTemplate.exchange(RestTemplate.java:702)
	at org.springframework.cloud.netflix.eureka.http.RestTemplateEurekaHttpClient.cancel(RestTemplateEurekaHttpClient.java:100)
	at com.netflix.discovery.shared.transport.decorator.EurekaHttpClientDecorator$2.execute(EurekaHttpClientDecorator.java:74)
	at com.netflix.discovery.shared.transport.decorator.RedirectingEurekaHttpClient.executeOnNewServer(RedirectingEurekaHttpClient.java:121)
	at com.netflix.discovery.shared.transport.decorator.RedirectingEurekaHttpClient.execute(RedirectingEurekaHttpClient.java:80)
	at com.netflix.discovery.shared.transport.decorator.EurekaHttpClientDecorator.cancel(EurekaHttpClientDecorator.java:71)
	at com.netflix.discovery.shared.transport.decorator.EurekaHttpClientDecorator$2.execute(EurekaHttpClientDecorator.java:74)
	at com.netflix.discovery.shared.transport.decorator.RetryableEurekaHttpClient.execute(RetryableEurekaHttpClient.java:120)
	at com.netflix.discovery.shared.transport.decorator.EurekaHttpClientDecorator.cancel(EurekaHttpClientDecorator.java:71)
	at com.netflix.discovery.shared.transport.decorator.EurekaHttpClientDecorator$2.execute(EurekaHttpClientDecorator.java:74)
	at com.netflix.discovery.shared.transport.decorator.SessionedEurekaHttpClient.execute(SessionedEurekaHttpClient.java:76)
	at com.netflix.discovery.shared.transport.decorator.EurekaHttpClientDecorator.cancel(EurekaHttpClientDecorator.java:71)
	at com.netflix.discovery.DiscoveryClient.unregister(DiscoveryClient.java:919)
	at com.netflix.discovery.DiscoveryClient.shutdown(DiscoveryClient.java:900)
	at java.base/jdk.internal.reflect.DirectMethodHandleAccessor.invoke(DirectMethodHandleAccessor.java:104)
	at java.base/java.lang.reflect.Method.invoke(Method.java:565)
	at org.springframework.beans.factory.annotation.InitDestroyAnnotationBeanPostProcessor$LifecycleMethod.invoke(InitDestroyAnnotationBeanPostProcessor.java:457)
	at org.springframework.beans.factory.annotation.InitDestroyAnnotationBeanPostProcessor$LifecycleMetadata.invokeDestroyMethods(InitDestroyAnnotationBeanPostProcessor.java:415)
	at org.springframework.beans.factory.annotation.InitDestroyAnnotationBeanPostProcessor.postProcessBeforeDestruction(InitDestroyAnnotationBeanPostProcessor.java:239)
	at org.springframework.beans.factory.support.DisposableBeanAdapter.destroy(DisposableBeanAdapter.java:202)
	at org.springframework.beans.factory.support.DisposableBeanAdapter.run(DisposableBeanAdapter.java:195)
	at org.springframework.cloud.context.scope.GenericScope$BeanLifecycleWrapper.destroy(GenericScope.java:387)
	at org.springframework.cloud.context.scope.GenericScope.destroy(GenericScope.java:134)
	at org.springframework.beans.factory.support.DisposableBeanAdapter.destroy(DisposableBeanAdapter.java:211)
	at org.springframework.beans.factory.support.DefaultSingletonBeanRegistry.destroyBean(DefaultSingletonBeanRegistry.java:798)
	at org.springframework.beans.factory.support.DefaultSingletonBeanRegistry.destroySingleton(DefaultSingletonBeanRegistry.java:748)
	at org.springframework.beans.factory.support.DefaultListableBeanFactory.destroySingleton(DefaultListableBeanFactory.java:1474)
	at org.springframework.beans.factory.support.DefaultSingletonBeanRegistry.destroySingletons(DefaultSingletonBeanRegistry.java:707)
	at org.springframework.beans.factory.support.DefaultListableBeanFactory.destroySingletons(DefaultListableBeanFactory.java:1467)
	at org.springframework.context.support.AbstractApplicationContext.destroyBeans(AbstractApplicationContext.java:1219)
	at org.springframework.context.support.AbstractApplicationContext.doClose(AbstractApplicationContext.java:1180)
	at org.springframework.boot.web.reactive.context.ReactiveWebServerApplicationContext.doClose(ReactiveWebServerApplicationContext.java:155)
	at org.springframework.context.support.AbstractApplicationContext.close(AbstractApplicationContext.java:1126)
	at org.springframework.boot.SpringApplicationShutdownHook.closeAndWait(SpringApplicationShutdownHook.java:147)
	at java.base/java.lang.Iterable.forEach(Iterable.java:75)
	at org.springframework.boot.SpringApplicationShutdownHook.run(SpringApplicationShutdownHook.java:116)
	at java.base/java.lang.Thread.run(Thread.java:1474)
Caused by: org.apache.hc.client5.http.HttpHostConnectException: Connect to http://localhost:8083 failed: Connection refused: getsockopt
	at java.base/sun.nio.ch.Net.pollConnect(Native Method)
	at java.base/sun.nio.ch.Net.pollConnectNow(Net.java:639)
	at java.base/sun.nio.ch.NioSocketImpl.timedFinishConnect(NioSocketImpl.java:543)
	at java.base/sun.nio.ch.NioSocketImpl.connect(NioSocketImpl.java:594)
	at java.base/java.net.SocksSocketImpl.connect(SocksSocketImpl.java:284)
	at java.base/java.net.Socket.connect(Socket.java:659)
	at org.apache.hc.client5.http.impl.io.DefaultHttpClientConnectionOperator.connect(DefaultHttpClientConnectionOperator.java:205)
	at org.apache.hc.client5.http.impl.io.PoolingHttpClientConnectionManager.connect(PoolingHttpClientConnectionManager.java:490)
	at org.apache.hc.client5.http.impl.classic.InternalExecRuntime.connectEndpoint(InternalExecRuntime.java:164)
	at org.apache.hc.client5.http.impl.classic.InternalExecRuntime.connectEndpoint(InternalExecRuntime.java:174)
	at org.apache.hc.client5.http.impl.classic.ConnectExec.execute(ConnectExec.java:144)
	at org.apache.hc.client5.http.impl.classic.ExecChainElement.execute(ExecChainElement.java:51)
	at org.apache.hc.client5.http.impl.classic.ProtocolExec.execute(ProtocolExec.java:195)
	at org.apache.hc.client5.http.impl.classic.ExecChainElement.execute(ExecChainElement.java:51)
	at org.apache.hc.client5.http.impl.classic.ContentCompressionExec.execute(ContentCompressionExec.java:150)
	at org.apache.hc.client5.http.impl.classic.ExecChainElement.execute(ExecChainElement.java:51)
	at org.apache.hc.client5.http.impl.classic.HttpRequestRetryExec.execute(HttpRequestRetryExec.java:113)
	at org.apache.hc.client5.http.impl.classic.ExecChainElement.execute(ExecChainElement.java:51)
	at org.apache.hc.client5.http.impl.classic.RedirectExec.execute(RedirectExec.java:110)
	at org.apache.hc.client5.http.impl.classic.ExecChainElement.execute(ExecChainElement.java:51)
	at org.apache.hc.client5.http.impl.classic.InternalHttpClient.doExecute(InternalHttpClient.java:185)
	at org.apache.hc.client5.http.impl.classic.CloseableHttpClient.execute(CloseableHttpClient.java:87)
	at org.apache.hc.client5.http.impl.classic.CloseableHttpClient.execute(CloseableHttpClient.java:55)
	at org.apache.hc.client5.http.classic.HttpClient.executeOpen(HttpClient.java:183)
	at org.springframework.http.client.HttpComponentsClientHttpRequest.executeInternal(HttpComponentsClientHttpRequest.java:99)
	at org.springframework.http.client.AbstractStreamingClientHttpRequest.executeInternal(AbstractStreamingClientHttpRequest.java:71)
	at org.springframework.http.client.AbstractClientHttpRequest.execute(AbstractClientHttpRequest.java:81)
	at org.springframework.http.client.InterceptingClientHttpRequest$InterceptingRequestExecution.execute(InterceptingClientHttpRequest.java:117)
	at org.springframework.cloud.netflix.eureka.http.RestTemplateTransportClientFactory.lambda$restTemplate$2(RestTemplateTransportClientFactory.java:145)
	at org.springframework.http.client.InterceptingClientHttpRequest$InterceptingRequestExecution.execute(InterceptingClientHttpRequest.java:88)
	at org.springframework.http.client.InterceptingClientHttpRequest.executeInternal(InterceptingClientHttpRequest.java:72)
	at org.springframework.http.client.AbstractBufferingClientHttpRequest.executeInternal(AbstractBufferingClientHttpRequest.java:48)
	at org.springframework.http.client.AbstractClientHttpRequest.execute(AbstractClientHttpRequest.java:81)
	at org.springframework.web.client.RestTemplate.doExecute(RestTemplate.java:900)
	... 38 more

2026-03-23T10:45:17.705+07:00  WARN 11444 --- [GateWayService] [SpringApplicationShutdownHook] c.n.d.s.t.d.RetryableEurekaHttpClient    : Request execution failed with message: I/O error on DELETE request for "http://localhost:8083/eureka/apps/GATEWAYSERVICE/host.docker.internal:GateWayService:8084": Connect to http://localhost:8083 failed: Connection refused: getsockopt
2026-03-23T10:45:17.705+07:00 ERROR 11444 --- [GateWayService] [SpringApplicationShutdownHook] com.netflix.discovery.DiscoveryClient    : DiscoveryClient_GATEWAYSERVICE/host.docker.internal:GateWayService:8084 - de-registration failedCannot execute request on any known server

com.netflix.discovery.shared.transport.TransportException: Cannot execute request on any known server
	at com.netflix.discovery.shared.transport.decorator.RetryableEurekaHttpClient.execute(RetryableEurekaHttpClient.java:112)
	at com.netflix.discovery.shared.transport.decorator.EurekaHttpClientDecorator.cancel(EurekaHttpClientDecorator.java:71)
	at com.netflix.discovery.shared.transport.decorator.EurekaHttpClientDecorator$2.execute(EurekaHttpClientDecorator.java:74)
	at com.netflix.discovery.shared.transport.decorator.SessionedEurekaHttpClient.execute(SessionedEurekaHttpClient.java:76)
	at com.netflix.discovery.shared.transport.decorator.EurekaHttpClientDecorator.cancel(EurekaHttpClientDecorator.java:71)
	at com.netflix.discovery.DiscoveryClient.unregister(DiscoveryClient.java:919)
	at com.netflix.discovery.DiscoveryClient.shutdown(DiscoveryClient.java:900)
	at java.base/jdk.internal.reflect.DirectMethodHandleAccessor.invoke(DirectMethodHandleAccessor.java:104)
	at java.base/java.lang.reflect.Method.invoke(Method.java:565)
	at org.springframework.beans.factory.annotation.InitDestroyAnnotationBeanPostProcessor$LifecycleMethod.invoke(InitDestroyAnnotationBeanPostProcessor.java:457)
	at org.springframework.beans.factory.annotation.InitDestroyAnnotationBeanPostProcessor$LifecycleMetadata.invokeDestroyMethods(InitDestroyAnnotationBeanPostProcessor.java:415)
	at org.springframework.beans.factory.annotation.InitDestroyAnnotationBeanPostProcessor.postProcessBeforeDestruction(InitDestroyAnnotationBeanPostProcessor.java:239)
	at org.springframework.beans.factory.support.DisposableBeanAdapter.destroy(DisposableBeanAdapter.java:202)
	at org.springframework.beans.factory.support.DisposableBeanAdapter.run(DisposableBeanAdapter.java:195)
	at org.springframework.cloud.context.scope.GenericScope$BeanLifecycleWrapper.destroy(GenericScope.java:387)
	at org.springframework.cloud.context.scope.GenericScope.destroy(GenericScope.java:134)
	at org.springframework.beans.factory.support.DisposableBeanAdapter.destroy(DisposableBeanAdapter.java:211)
	at org.springframework.beans.factory.support.DefaultSingletonBeanRegistry.destroyBean(DefaultSingletonBeanRegistry.java:798)
	at org.springframework.beans.factory.support.DefaultSingletonBeanRegistry.destroySingleton(DefaultSingletonBeanRegistry.java:748)
	at org.springframework.beans.factory.support.DefaultListableBeanFactory.destroySingleton(DefaultListableBeanFactory.java:1474)
	at org.springframework.beans.factory.support.DefaultSingletonBeanRegistry.destroySingletons(DefaultSingletonBeanRegistry.java:707)
	at org.springframework.beans.factory.support.DefaultListableBeanFactory.destroySingletons(DefaultListableBeanFactory.java:1467)
	at org.springframework.context.support.AbstractApplicationContext.destroyBeans(AbstractApplicationContext.java:1219)
	at org.springframework.context.support.AbstractApplicationContext.doClose(AbstractApplicationContext.java:1180)
	at org.springframework.boot.web.reactive.context.ReactiveWebServerApplicationContext.doClose(ReactiveWebServerApplicationContext.java:155)
	at org.springframework.context.support.AbstractApplicationContext.close(AbstractApplicationContext.java:1126)
	at org.springframework.boot.SpringApplicationShutdownHook.closeAndWait(SpringApplicationShutdownHook.java:147)
	at java.base/java.lang.Iterable.forEach(Iterable.java:75)
	at org.springframework.boot.SpringApplicationShutdownHook.run(SpringApplicationShutdownHook.java:116)
	at java.base/java.lang.Thread.run(Thread.java:1474)

2026-03-23T10:45:17.706+07:00  INFO 11444 --- [GateWayService] [SpringApplicationShutdownHook] com.netflix.discovery.DiscoveryClient    : Completed shut down of DiscoveryClient
2026-03-23T10:45:54.192+07:00  INFO 25904 --- [GateWayService] [main] c.e.G.GateWayServiceApplication          : Starting GateWayServiceApplication using Java 25.0.1 with PID 25904 (C:\Users\vuna1\Desktop\learniverse\learniverse\GateWayService\target\classes started by vuna1 in C:\Users\vuna1\Desktop\learniverse\learniverse)
2026-03-23T10:45:54.194+07:00  INFO 25904 --- [GateWayService] [main] c.e.G.GateWayServiceApplication          : No active profile set, falling back to 1 default profile: "default"
2026-03-23T10:45:54.230+07:00  INFO 25904 --- [GateWayService] [main] o.s.c.c.c.ConfigServerConfigDataLoader   : Fetching config from server at : http://localhost:8082
2026-03-23T10:45:54.231+07:00  INFO 25904 --- [GateWayService] [main] o.s.c.c.c.ConfigServerConfigDataLoader   : Located environment: name=GateWayService, profiles=[default], label=null, version=null, state=null
2026-03-23T10:45:55.149+07:00  INFO 25904 --- [GateWayService] [main] o.s.cloud.context.scope.GenericScope     : BeanFactory id=d65fe887-e1f0-34ae-9153-6718d0cb11aa
2026-03-23T10:45:55.528+07:00  WARN 25904 --- [GateWayService] [main] GatewayClassPathWarningAutoConfiguration : 

**********************************************************

The artifact spring-cloud-gateway-server is deprecated. It will be removed in the next major release. Please add spring-cloud-gateway-server-webflux dependency.

**********************************************************


2026-03-23T10:45:55.762+07:00  INFO 25904 --- [GateWayService] [main] o.s.c.g.r.RouteDefinitionRouteLocator    : Loaded RoutePredicateFactory [After]
2026-03-23T10:45:55.763+07:00  INFO 25904 --- [GateWayService] [main] o.s.c.g.r.RouteDefinitionRouteLocator    : Loaded RoutePredicateFactory [Before]
2026-03-23T10:45:55.763+07:00  INFO 25904 --- [GateWayService] [main] o.s.c.g.r.RouteDefinitionRouteLocator    : Loaded RoutePredicateFactory [Between]
2026-03-23T10:45:55.763+07:00  INFO 25904 --- [GateWayService] [main] o.s.c.g.r.RouteDefinitionRouteLocator    : Loaded RoutePredicateFactory [Cookie]
2026-03-23T10:45:55.763+07:00  INFO 25904 --- [GateWayService] [main] o.s.c.g.r.RouteDefinitionRouteLocator    : Loaded RoutePredicateFactory [Header]
2026-03-23T10:45:55.764+07:00  INFO 25904 --- [GateWayService] [main] o.s.c.g.r.RouteDefinitionRouteLocator    : Loaded RoutePredicateFactory [Host]
2026-03-23T10:45:55.764+07:00  INFO 25904 --- [GateWayService] [main] o.s.c.g.r.RouteDefinitionRouteLocator    : Loaded RoutePredicateFactory [Method]
2026-03-23T10:45:55.764+07:00  INFO 25904 --- [GateWayService] [main] o.s.c.g.r.RouteDefinitionRouteLocator    : Loaded RoutePredicateFactory [Path]
2026-03-23T10:45:55.764+07:00  INFO 25904 --- [GateWayService] [main] o.s.c.g.r.RouteDefinitionRouteLocator    : Loaded RoutePredicateFactory [Query]
2026-03-23T10:45:55.765+07:00  INFO 25904 --- [GateWayService] [main] o.s.c.g.r.RouteDefinitionRouteLocator    : Loaded RoutePredicateFactory [ReadBody]
2026-03-23T10:45:55.765+07:00  INFO 25904 --- [GateWayService] [main] o.s.c.g.r.RouteDefinitionRouteLocator    : Loaded RoutePredicateFactory [RemoteAddr]
2026-03-23T10:45:55.765+07:00  INFO 25904 --- [GateWayService] [main] o.s.c.g.r.RouteDefinitionRouteLocator    : Loaded RoutePredicateFactory [XForwardedRemoteAddr]
2026-03-23T10:45:55.765+07:00  INFO 25904 --- [GateWayService] [main] o.s.c.g.r.RouteDefinitionRouteLocator    : Loaded RoutePredicateFactory [Weight]
2026-03-23T10:45:55.765+07:00  INFO 25904 --- [GateWayService] [main] o.s.c.g.r.RouteDefinitionRouteLocator    : Loaded RoutePredicateFactory [CloudFoundryRouteService]
2026-03-23T10:45:56.034+07:00  INFO 25904 --- [GateWayService] [main] o.s.b.a.e.web.EndpointLinksResolver      : Exposing 30 endpoints beneath base path '/actuator'
2026-03-23T10:45:56.186+07:00  INFO 25904 --- [GateWayService] [main] DiscoveryClientOptionalArgsConfiguration : Eureka HTTP Client uses RestTemplate.
2026-03-23T10:45:56.199+07:00  WARN 25904 --- [GateWayService] [main] s.w.s.StarterDeprecatedAutoConfiguration : 

**********************************************************

spring-cloud-starter-gateway is deprecated. It will be removed in the next major release. Please use spring-cloud-starter-gateway-server-webflux instead.

**********************************************************


2026-03-23T10:45:56.204+07:00  WARN 25904 --- [GateWayService] [main] iguration$LoadBalancerCaffeineWarnLogger : Spring Cloud LoadBalancer is currently working with the default cache. While this cache implementation is useful for development and tests, it's recommended to use Caffeine cache in production.You can switch to using Caffeine cache, by adding it and org.springframework.cache.caffeine.CaffeineCacheManager to the classpath.
2026-03-23T10:45:56.264+07:00  INFO 25904 --- [GateWayService] [main] o.s.c.n.eureka.InstanceInfoFactory       : Setting initial instance status as: STARTING
2026-03-23T10:45:56.283+07:00  INFO 25904 --- [GateWayService] [main] com.netflix.discovery.DiscoveryClient    : Initializing Eureka in region us-east-1
2026-03-23T10:45:56.287+07:00  INFO 25904 --- [GateWayService] [main] c.n.d.s.r.aws.ConfigClusterResolver      : Resolving eureka endpoints via configuration
2026-03-23T10:45:56.295+07:00  INFO 25904 --- [GateWayService] [main] com.netflix.discovery.DiscoveryClient    : Disable delta property : false
2026-03-23T10:45:56.295+07:00  INFO 25904 --- [GateWayService] [main] com.netflix.discovery.DiscoveryClient    : Single vip registry refresh property : null
2026-03-23T10:45:56.295+07:00  INFO 25904 --- [GateWayService] [main] com.netflix.discovery.DiscoveryClient    : Force full registry fetch : false
2026-03-23T10:45:56.295+07:00  INFO 25904 --- [GateWayService] [main] com.netflix.discovery.DiscoveryClient    : Application is null : false
2026-03-23T10:45:56.296+07:00  INFO 25904 --- [GateWayService] [main] com.netflix.discovery.DiscoveryClient    : Registered Applications size is zero : true
2026-03-23T10:45:56.296+07:00  INFO 25904 --- [GateWayService] [main] com.netflix.discovery.DiscoveryClient    : Application version is -1: true
2026-03-23T10:45:56.296+07:00  INFO 25904 --- [GateWayService] [main] com.netflix.discovery.DiscoveryClient    : Getting all instance registry info from the eureka server
2026-03-23T10:45:56.547+07:00  INFO 25904 --- [GateWayService] [main] com.netflix.discovery.DiscoveryClient    : The response status is 200
2026-03-23T10:45:56.549+07:00  INFO 25904 --- [GateWayService] [main] com.netflix.discovery.DiscoveryClient    : Starting heartbeat executor: renew interval is: 30
2026-03-23T10:45:56.550+07:00  INFO 25904 --- [GateWayService] [main] c.n.discovery.InstanceInfoReplicator     : InstanceInfoReplicator onDemand update allowed rate per min is 4
2026-03-23T10:45:56.553+07:00  INFO 25904 --- [GateWayService] [main] com.netflix.discovery.DiscoveryClient    : Discovery Client initialized at timestamp 1774237556552 with initial instances count: 0
2026-03-23T10:45:56.555+07:00  INFO 25904 --- [GateWayService] [main] o.s.c.n.e.s.EurekaServiceRegistry        : Registering application GATEWAYSERVICE with eureka with status UP
2026-03-23T10:45:56.556+07:00  INFO 25904 --- [GateWayService] [main] com.netflix.discovery.DiscoveryClient    : Saw local status change event StatusChangeEvent [timestamp=1774237556556, current=UP, previous=STARTING]
2026-03-23T10:45:56.557+07:00  INFO 25904 --- [GateWayService] [DiscoveryClient-InstanceInfoReplicator-%d] com.netflix.discovery.DiscoveryClient    : DiscoveryClient_GATEWAYSERVICE/host.docker.internal:GateWayService:8084: registering service...
2026-03-23T10:45:56.623+07:00  INFO 25904 --- [GateWayService] [DiscoveryClient-InstanceInfoReplicator-%d] com.netflix.discovery.DiscoveryClient    : DiscoveryClient_GATEWAYSERVICE/host.docker.internal:GateWayService:8084 - registration status: 204
2026-03-23T10:45:56.681+07:00  INFO 25904 --- [GateWayService] [main] o.s.b.web.embedded.netty.NettyWebServer  : Netty started on port 8084 (http)
2026-03-23T10:45:56.682+07:00  INFO 25904 --- [GateWayService] [main] .s.c.n.e.s.EurekaAutoServiceRegistration : Updating port to 8084
2026-03-23T10:45:56.710+07:00  INFO 25904 --- [GateWayService] [main] c.e.G.GateWayServiceApplication          : Started GateWayServiceApplication in 3.186 seconds (process running for 3.575)
2026-03-23T10:46:26.552+07:00  INFO 25904 --- [GateWayService] [DiscoveryClient-CacheRefreshExecutor-%d] com.netflix.discovery.DiscoveryClient    : Disable delta property : false
2026-03-23T10:46:26.552+07:00  INFO 25904 --- [GateWayService] [DiscoveryClient-CacheRefreshExecutor-%d] com.netflix.discovery.DiscoveryClient    : Single vip registry refresh property : null
2026-03-23T10:46:26.553+07:00  INFO 25904 --- [GateWayService] [DiscoveryClient-CacheRefreshExecutor-%d] com.netflix.discovery.DiscoveryClient    : Force full registry fetch : false
2026-03-23T10:46:26.553+07:00  INFO 25904 --- [GateWayService] [DiscoveryClient-CacheRefreshExecutor-%d] com.netflix.discovery.DiscoveryClient    : Application is null : false
2026-03-23T10:46:26.553+07:00  INFO 25904 --- [GateWayService] [DiscoveryClient-CacheRefreshExecutor-%d] com.netflix.discovery.DiscoveryClient    : Registered Applications size is zero : true
2026-03-23T10:46:26.553+07:00  INFO 25904 --- [GateWayService] [DiscoveryClient-CacheRefreshExecutor-%d] com.netflix.discovery.DiscoveryClient    : Application version is -1: false
2026-03-23T10:46:26.554+07:00  INFO 25904 --- [GateWayService] [DiscoveryClient-CacheRefreshExecutor-%d] com.netflix.discovery.DiscoveryClient    : Getting all instance registry info from the eureka server
2026-03-23T10:46:26.571+07:00  INFO 25904 --- [GateWayService] [DiscoveryClient-CacheRefreshExecutor-%d] com.netflix.discovery.DiscoveryClient    : The response status is 200
2026-03-23T10:50:56.304+07:00  INFO 25904 --- [GateWayService] [AsyncResolver-bootstrap-executor-%d] c.n.d.s.r.aws.ConfigClusterResolver      : Resolving eureka endpoints via configuration
2026-03-23T10:55:56.310+07:00  INFO 25904 --- [GateWayService] [AsyncResolver-bootstrap-executor-%d] c.n.d.s.r.aws.ConfigClusterResolver      : Resolving eureka endpoints via configuration
2026-03-23T11:00:56.314+07:00  INFO 25904 --- [GateWayService] [AsyncResolver-bootstrap-executor-%d] c.n.d.s.r.aws.ConfigClusterResolver      : Resolving eureka endpoints via configuration
2026-03-23T11:05:56.320+07:00  INFO 25904 --- [GateWayService] [AsyncResolver-bootstrap-executor-%d] c.n.d.s.r.aws.ConfigClusterResolver      : Resolving eureka endpoints via configuration
2026-03-23T11:10:56.326+07:00  INFO 25904 --- [GateWayService] [AsyncResolver-bootstrap-executor-%d] c.n.d.s.r.aws.ConfigClusterResolver      : Resolving eureka endpoints via configuration
2026-03-23T11:15:56.330+07:00  INFO 25904 --- [GateWayService] [AsyncResolver-bootstrap-executor-%d] c.n.d.s.r.aws.ConfigClusterResolver      : Resolving eureka endpoints via configuration
2026-03-23T11:20:56.333+07:00  INFO 25904 --- [GateWayService] [AsyncResolver-bootstrap-executor-%d] c.n.d.s.r.aws.ConfigClusterResolver      : Resolving eureka endpoints via configuration
2026-03-23T11:25:56.335+07:00  INFO 25904 --- [GateWayService] [AsyncResolver-bootstrap-executor-%d] c.n.d.s.r.aws.ConfigClusterResolver      : Resolving eureka endpoints via configuration
2026-03-23T11:30:56.338+07:00  INFO 25904 --- [GateWayService] [AsyncResolver-bootstrap-executor-%d] c.n.d.s.r.aws.ConfigClusterResolver      : Resolving eureka endpoints via configuration
2026-03-23T11:35:56.340+07:00  INFO 25904 --- [GateWayService] [AsyncResolver-bootstrap-executor-%d] c.n.d.s.r.aws.ConfigClusterResolver      : Resolving eureka endpoints via configuration
2026-03-23T11:40:56.352+07:00  INFO 25904 --- [GateWayService] [AsyncResolver-bootstrap-executor-%d] c.n.d.s.r.aws.ConfigClusterResolver      : Resolving eureka endpoints via configuration
2026-03-23T11:45:56.362+07:00  INFO 25904 --- [GateWayService] [AsyncResolver-bootstrap-executor-%d] c.n.d.s.r.aws.ConfigClusterResolver      : Resolving eureka endpoints via configuration
2026-03-23T11:50:56.366+07:00  INFO 25904 --- [GateWayService] [AsyncResolver-bootstrap-executor-%d] c.n.d.s.r.aws.ConfigClusterResolver      : Resolving eureka endpoints via configuration
2026-03-23T11:55:56.370+07:00  INFO 25904 --- [GateWayService] [AsyncResolver-bootstrap-executor-%d] c.n.d.s.r.aws.ConfigClusterResolver      : Resolving eureka endpoints via configuration
2026-03-23T12:00:56.374+07:00  INFO 25904 --- [GateWayService] [AsyncResolver-bootstrap-executor-%d] c.n.d.s.r.aws.ConfigClusterResolver      : Resolving eureka endpoints via configuration
2026-03-23T12:05:56.376+07:00  INFO 25904 --- [GateWayService] [AsyncResolver-bootstrap-executor-%d] c.n.d.s.r.aws.ConfigClusterResolver      : Resolving eureka endpoints via configuration
2026-03-23T12:10:56.379+07:00  INFO 25904 --- [GateWayService] [AsyncResolver-bootstrap-executor-%d] c.n.d.s.r.aws.ConfigClusterResolver      : Resolving eureka endpoints via configuration
2026-03-23T12:15:56.385+07:00  INFO 25904 --- [GateWayService] [AsyncResolver-bootstrap-executor-%d] c.n.d.s.r.aws.ConfigClusterResolver      : Resolving eureka endpoints via configuration
2026-03-23T12:20:56.393+07:00  INFO 25904 --- [GateWayService] [AsyncResolver-bootstrap-executor-%d] c.n.d.s.r.aws.ConfigClusterResolver      : Resolving eureka endpoints via configuration
2026-03-23T12:25:56.397+07:00  INFO 25904 --- [GateWayService] [AsyncResolver-bootstrap-executor-%d] c.n.d.s.r.aws.ConfigClusterResolver      : Resolving eureka endpoints via configuration
2026-03-23T12:30:56.401+07:00  INFO 25904 --- [GateWayService] [AsyncResolver-bootstrap-executor-%d] c.n.d.s.r.aws.ConfigClusterResolver      : Resolving eureka endpoints via configuration
2026-03-23T12:35:56.405+07:00  INFO 25904 --- [GateWayService] [AsyncResolver-bootstrap-executor-%d] c.n.d.s.r.aws.ConfigClusterResolver      : Resolving eureka endpoints via configuration
2026-03-23T12:40:56.409+07:00  INFO 25904 --- [GateWayService] [AsyncResolver-bootstrap-executor-%d] c.n.d.s.r.aws.ConfigClusterResolver      : Resolving eureka endpoints via configuration
2026-03-23T12:45:56.413+07:00  INFO 25904 --- [GateWayService] [AsyncResolver-bootstrap-executor-%d] c.n.d.s.r.aws.ConfigClusterResolver      : Resolving eureka endpoints via configuration
2026-03-23T12:50:56.420+07:00  INFO 25904 --- [GateWayService] [AsyncResolver-bootstrap-executor-%d] c.n.d.s.r.aws.ConfigClusterResolver      : Resolving eureka endpoints via configuration
2026-03-23T12:55:56.427+07:00  INFO 25904 --- [GateWayService] [AsyncResolver-bootstrap-executor-%d] c.n.d.s.r.aws.ConfigClusterResolver      : Resolving eureka endpoints via configuration
2026-03-23T13:00:56.434+07:00  INFO 25904 --- [GateWayService] [AsyncResolver-bootstrap-executor-%d] c.n.d.s.r.aws.ConfigClusterResolver      : Resolving eureka endpoints via configuration
2026-03-23T13:05:56.438+07:00  INFO 25904 --- [GateWayService] [AsyncResolver-bootstrap-executor-%d] c.n.d.s.r.aws.ConfigClusterResolver      : Resolving eureka endpoints via configuration
2026-03-23T13:10:56.441+07:00  INFO 25904 --- [GateWayService] [AsyncResolver-bootstrap-executor-%d] c.n.d.s.r.aws.ConfigClusterResolver      : Resolving eureka endpoints via configuration
2026-03-23T13:15:56.444+07:00  INFO 25904 --- [GateWayService] [AsyncResolver-bootstrap-executor-%d] c.n.d.s.r.aws.ConfigClusterResolver      : Resolving eureka endpoints via configuration
2026-03-23T13:20:56.448+07:00  INFO 25904 --- [GateWayService] [AsyncResolver-bootstrap-executor-%d] c.n.d.s.r.aws.ConfigClusterResolver      : Resolving eureka endpoints via configuration
2026-03-23T13:25:56.456+07:00  INFO 25904 --- [GateWayService] [AsyncResolver-bootstrap-executor-%d] c.n.d.s.r.aws.ConfigClusterResolver      : Resolving eureka endpoints via configuration
2026-03-23T13:30:56.462+07:00  INFO 25904 --- [GateWayService] [AsyncResolver-bootstrap-executor-%d] c.n.d.s.r.aws.ConfigClusterResolver      : Resolving eureka endpoints via configuration
2026-03-23T13:35:56.468+07:00  INFO 25904 --- [GateWayService] [AsyncResolver-bootstrap-executor-%d] c.n.d.s.r.aws.ConfigClusterResolver      : Resolving eureka endpoints via configuration
2026-03-23T13:40:56.472+07:00  INFO 25904 --- [GateWayService] [AsyncResolver-bootstrap-executor-%d] c.n.d.s.r.aws.ConfigClusterResolver      : Resolving eureka endpoints via configuration
2026-03-23T13:45:56.476+07:00  INFO 25904 --- [GateWayService] [AsyncResolver-bootstrap-executor-%d] c.n.d.s.r.aws.ConfigClusterResolver      : Resolving eureka endpoints via configuration
2026-03-23T13:50:56.479+07:00  INFO 25904 --- [GateWayService] [AsyncResolver-bootstrap-executor-%d] c.n.d.s.r.aws.ConfigClusterResolver      : Resolving eureka endpoints via configuration
2026-03-23T13:51:28.258+07:00  INFO 25904 --- [GateWayService] [SpringApplicationShutdownHook] o.s.c.n.e.s.EurekaServiceRegistry        : Unregistering application GATEWAYSERVICE with eureka with status DOWN
2026-03-23T13:51:28.258+07:00  INFO 25904 --- [GateWayService] [SpringApplicationShutdownHook] com.netflix.discovery.DiscoveryClient    : Saw local status change event StatusChangeEvent [timestamp=1774248688258, current=DOWN, previous=UP]
2026-03-23T13:51:28.258+07:00  INFO 25904 --- [GateWayService] [DiscoveryClient-InstanceInfoReplicator-%d] com.netflix.discovery.DiscoveryClient    : DiscoveryClient_GATEWAYSERVICE/host.docker.internal:GateWayService:8084: registering service...
2026-03-23T13:51:28.263+07:00  INFO 25904 --- [GateWayService] [SpringApplicationShutdownHook] o.s.b.w.embedded.netty.GracefulShutdown  : Commencing graceful shutdown. Waiting for active requests to complete
2026-03-23T13:51:28.274+07:00  INFO 25904 --- [GateWayService] [netty-shutdown] o.s.b.w.embedded.netty.GracefulShutdown  : Graceful shutdown complete
2026-03-23T13:51:28.277+07:00  INFO 25904 --- [GateWayService] [DiscoveryClient-InstanceInfoReplicator-%d] com.netflix.discovery.DiscoveryClient    : DiscoveryClient_GATEWAYSERVICE/host.docker.internal:GateWayService:8084 - registration status: 204
2026-03-23T13:51:28.893+07:00  INFO 25904 --- [GateWayService] [DiscoveryClient-HeartbeatExecutor-%d] o.a.h.c.h.i.c.HttpRequestRetryExec       : Recoverable I/O exception (java.net.SocketException) caught when processing request to {}->[http://localhost:8083]
2026-03-23T13:51:28.902+07:00  INFO 25904 --- [GateWayService] [DiscoveryClient-HeartbeatExecutor-%d] c.n.d.s.t.d.RedirectingEurekaHttpClient  : Request execution error. endpoint=DefaultEndpoint{ serviceUrl='http://localhost:8083/eureka/} exception=I/O error on PUT request for "http://localhost:8083/eureka/apps/GATEWAYSERVICE/host.docker.internal:GateWayService:8084": Connect to http://localhost:8083 failed: Connection refused: getsockopt stacktrace=org.springframework.web.client.ResourceAccessException: I/O error on PUT request for "http://localhost:8083/eureka/apps/GATEWAYSERVICE/host.docker.internal:GateWayService:8084": Connect to http://localhost:8083 failed: Connection refused: getsockopt
	at org.springframework.web.client.RestTemplate.createResourceAccessException(RestTemplate.java:926)
	at org.springframework.web.client.RestTemplate.doExecute(RestTemplate.java:906)
	at org.springframework.web.client.RestTemplate.execute(RestTemplate.java:841)
	at org.springframework.web.client.RestTemplate.exchange(RestTemplate.java:702)
	at org.springframework.cloud.netflix.eureka.http.RestTemplateEurekaHttpClient.sendHeartBeat(RestTemplateEurekaHttpClient.java:119)
	at com.netflix.discovery.shared.transport.decorator.EurekaHttpClientDecorator$3.execute(EurekaHttpClientDecorator.java:92)
	at com.netflix.discovery.shared.transport.decorator.RedirectingEurekaHttpClient.execute(RedirectingEurekaHttpClient.java:91)
	at com.netflix.discovery.shared.transport.decorator.EurekaHttpClientDecorator.sendHeartBeat(EurekaHttpClientDecorator.java:89)
	at com.netflix.discovery.shared.transport.decorator.EurekaHttpClientDecorator$3.execute(EurekaHttpClientDecorator.java:92)
	at com.netflix.discovery.shared.transport.decorator.RetryableEurekaHttpClient.execute(RetryableEurekaHttpClient.java:120)
	at com.netflix.discovery.shared.transport.decorator.EurekaHttpClientDecorator.sendHeartBeat(EurekaHttpClientDecorator.java:89)
	at com.netflix.discovery.shared.transport.decorator.EurekaHttpClientDecorator$3.execute(EurekaHttpClientDecorator.java:92)
	at com.netflix.discovery.shared.transport.decorator.SessionedEurekaHttpClient.execute(SessionedEurekaHttpClient.java:76)
	at com.netflix.discovery.shared.transport.decorator.EurekaHttpClientDecorator.sendHeartBeat(EurekaHttpClientDecorator.java:89)
	at com.netflix.discovery.DiscoveryClient.renew(DiscoveryClient.java:845)
	at com.netflix.discovery.DiscoveryClient$HeartbeatThread.run(DiscoveryClient.java:1402)
	at java.base/java.util.concurrent.Executors$RunnableAdapter.call(Executors.java:545)
	at java.base/java.util.concurrent.FutureTask.run(FutureTask.java:328)
	at java.base/java.util.concurrent.ThreadPoolExecutor.runWorker(ThreadPoolExecutor.java:1090)
	at java.base/java.util.concurrent.ThreadPoolExecutor$Worker.run(ThreadPoolExecutor.java:614)
	at java.base/java.lang.Thread.run(Thread.java:1474)
Caused by: org.apache.hc.client5.http.HttpHostConnectException: Connect to http://localhost:8083 failed: Connection refused: getsockopt
	at java.base/sun.nio.ch.Net.pollConnect(Native Method)
	at java.base/sun.nio.ch.Net.pollConnectNow(Net.java:639)
	at java.base/sun.nio.ch.NioSocketImpl.timedFinishConnect(NioSocketImpl.java:543)
	at java.base/sun.nio.ch.NioSocketImpl.connect(NioSocketImpl.java:594)
	at java.base/java.net.SocksSocketImpl.connect(SocksSocketImpl.java:284)
	at java.base/java.net.Socket.connect(Socket.java:659)
	at org.apache.hc.client5.http.impl.io.DefaultHttpClientConnectionOperator.connect(DefaultHttpClientConnectionOperator.java:205)
	at org.apache.hc.client5.http.impl.io.PoolingHttpClientConnectionManager.connect(PoolingHttpClientConnectionManager.java:490)
	at org.apache.hc.client5.http.impl.classic.InternalExecRuntime.connectEndpoint(InternalExecRuntime.java:164)
	at org.apache.hc.client5.http.impl.classic.InternalExecRuntime.connectEndpoint(InternalExecRuntime.java:174)
	at org.apache.hc.client5.http.impl.classic.ConnectExec.execute(ConnectExec.java:144)
	at org.apache.hc.client5.http.impl.classic.ExecChainElement.execute(ExecChainElement.java:51)
	at org.apache.hc.client5.http.impl.classic.ProtocolExec.execute(ProtocolExec.java:195)
	at org.apache.hc.client5.http.impl.classic.ExecChainElement.execute(ExecChainElement.java:51)
	at org.apache.hc.client5.http.impl.classic.ContentCompressionExec.execute(ContentCompressionExec.java:150)
	at org.apache.hc.client5.http.impl.classic.ExecChainElement.execute(ExecChainElement.java:51)
	at org.apache.hc.client5.http.impl.classic.HttpRequestRetryExec.execute(HttpRequestRetryExec.java:113)
	at org.apache.hc.client5.http.impl.classic.ExecChainElement.execute(ExecChainElement.java:51)
	at org.apache.hc.client5.http.impl.classic.RedirectExec.execute(RedirectExec.java:110)
	at org.apache.hc.client5.http.impl.classic.ExecChainElement.execute(ExecChainElement.java:51)
	at org.apache.hc.client5.http.impl.classic.InternalHttpClient.doExecute(InternalHttpClient.java:185)
	at org.apache.hc.client5.http.impl.classic.CloseableHttpClient.execute(CloseableHttpClient.java:87)
	at org.apache.hc.client5.http.impl.classic.CloseableHttpClient.execute(CloseableHttpClient.java:55)
	at org.apache.hc.client5.http.classic.HttpClient.executeOpen(HttpClient.java:183)
	at org.springframework.http.client.HttpComponentsClientHttpRequest.executeInternal(HttpComponentsClientHttpRequest.java:99)
	at org.springframework.http.client.AbstractStreamingClientHttpRequest.executeInternal(AbstractStreamingClientHttpRequest.java:71)
	at org.springframework.http.client.AbstractClientHttpRequest.execute(AbstractClientHttpRequest.java:81)
	at org.springframework.http.client.InterceptingClientHttpRequest$InterceptingRequestExecution.execute(InterceptingClientHttpRequest.java:117)
	at org.springframework.cloud.netflix.eureka.http.RestTemplateTransportClientFactory.lambda$restTemplate$2(RestTemplateTransportClientFactory.java:145)
	at org.springframework.http.client.InterceptingClientHttpRequest$InterceptingRequestExecution.execute(InterceptingClientHttpRequest.java:88)
	at org.springframework.http.client.InterceptingClientHttpRequest.executeInternal(InterceptingClientHttpRequest.java:72)
	at org.springframework.http.client.AbstractBufferingClientHttpRequest.executeInternal(AbstractBufferingClientHttpRequest.java:48)
	at org.springframework.http.client.AbstractClientHttpRequest.execute(AbstractClientHttpRequest.java:81)
	at org.springframework.web.client.RestTemplate.doExecute(RestTemplate.java:900)
	... 19 more

2026-03-23T13:51:28.902+07:00  WARN 25904 --- [GateWayService] [DiscoveryClient-HeartbeatExecutor-%d] c.n.d.s.t.d.RetryableEurekaHttpClient    : Request execution failed with message: I/O error on PUT request for "http://localhost:8083/eureka/apps/GATEWAYSERVICE/host.docker.internal:GateWayService:8084": Connect to http://localhost:8083 failed: Connection refused: getsockopt
2026-03-23T13:51:28.916+07:00  INFO 25904 --- [GateWayService] [DiscoveryClient-HeartbeatExecutor-%d] c.n.d.s.t.d.RedirectingEurekaHttpClient  : Request execution error. endpoint=DefaultEndpoint{ serviceUrl='http://localhost:8083/eureka/}, exception=I/O error on PUT request for "http://localhost:8083/eureka/apps/GATEWAYSERVICE/host.docker.internal:GateWayService:8084": Connect to http://localhost:8083 failed: Connection refused: getsockopt stacktrace=org.springframework.web.client.ResourceAccessException: I/O error on PUT request for "http://localhost:8083/eureka/apps/GATEWAYSERVICE/host.docker.internal:GateWayService:8084": Connect to http://localhost:8083 failed: Connection refused: getsockopt
	at org.springframework.web.client.RestTemplate.createResourceAccessException(RestTemplate.java:926)
	at org.springframework.web.client.RestTemplate.doExecute(RestTemplate.java:906)
	at org.springframework.web.client.RestTemplate.execute(RestTemplate.java:841)
	at org.springframework.web.client.RestTemplate.exchange(RestTemplate.java:702)
	at org.springframework.cloud.netflix.eureka.http.RestTemplateEurekaHttpClient.sendHeartBeat(RestTemplateEurekaHttpClient.java:119)
	at com.netflix.discovery.shared.transport.decorator.EurekaHttpClientDecorator$3.execute(EurekaHttpClientDecorator.java:92)
	at com.netflix.discovery.shared.transport.decorator.RedirectingEurekaHttpClient.executeOnNewServer(RedirectingEurekaHttpClient.java:121)
	at com.netflix.discovery.shared.transport.decorator.RedirectingEurekaHttpClient.execute(RedirectingEurekaHttpClient.java:80)
	at com.netflix.discovery.shared.transport.decorator.EurekaHttpClientDecorator.sendHeartBeat(EurekaHttpClientDecorator.java:89)
	at com.netflix.discovery.shared.transport.decorator.EurekaHttpClientDecorator$3.execute(EurekaHttpClientDecorator.java:92)
	at com.netflix.discovery.shared.transport.decorator.RetryableEurekaHttpClient.execute(RetryableEurekaHttpClient.java:120)
	at com.netflix.discovery.shared.transport.decorator.EurekaHttpClientDecorator.sendHeartBeat(EurekaHttpClientDecorator.java:89)
	at com.netflix.discovery.shared.transport.decorator.EurekaHttpClientDecorator$3.execute(EurekaHttpClientDecorator.java:92)
	at com.netflix.discovery.shared.transport.decorator.SessionedEurekaHttpClient.execute(SessionedEurekaHttpClient.java:76)
	at com.netflix.discovery.shared.transport.decorator.EurekaHttpClientDecorator.sendHeartBeat(EurekaHttpClientDecorator.java:89)
	at com.netflix.discovery.DiscoveryClient.renew(DiscoveryClient.java:845)
	at com.netflix.discovery.DiscoveryClient$HeartbeatThread.run(DiscoveryClient.java:1402)
	at java.base/java.util.concurrent.Executors$RunnableAdapter.call(Executors.java:545)
	at java.base/java.util.concurrent.FutureTask.run(FutureTask.java:328)
	at java.base/java.util.concurrent.ThreadPoolExecutor.runWorker(ThreadPoolExecutor.java:1090)
	at java.base/java.util.concurrent.ThreadPoolExecutor$Worker.run(ThreadPoolExecutor.java:614)
	at java.base/java.lang.Thread.run(Thread.java:1474)
Caused by: org.apache.hc.client5.http.HttpHostConnectException: Connect to http://localhost:8083 failed: Connection refused: getsockopt
	at java.base/sun.nio.ch.Net.pollConnect(Native Method)
	at java.base/sun.nio.ch.Net.pollConnectNow(Net.java:639)
	at java.base/sun.nio.ch.NioSocketImpl.timedFinishConnect(NioSocketImpl.java:543)
	at java.base/sun.nio.ch.NioSocketImpl.connect(NioSocketImpl.java:594)
	at java.base/java.net.SocksSocketImpl.connect(SocksSocketImpl.java:284)
	at java.base/java.net.Socket.connect(Socket.java:659)
	at org.apache.hc.client5.http.impl.io.DefaultHttpClientConnectionOperator.connect(DefaultHttpClientConnectionOperator.java:205)
	at org.apache.hc.client5.http.impl.io.PoolingHttpClientConnectionManager.connect(PoolingHttpClientConnectionManager.java:490)
	at org.apache.hc.client5.http.impl.classic.InternalExecRuntime.connectEndpoint(InternalExecRuntime.java:164)
	at org.apache.hc.client5.http.impl.classic.InternalExecRuntime.connectEndpoint(InternalExecRuntime.java:174)
	at org.apache.hc.client5.http.impl.classic.ConnectExec.execute(ConnectExec.java:144)
	at org.apache.hc.client5.http.impl.classic.ExecChainElement.execute(ExecChainElement.java:51)
	at org.apache.hc.client5.http.impl.classic.ProtocolExec.execute(ProtocolExec.java:195)
	at org.apache.hc.client5.http.impl.classic.ExecChainElement.execute(ExecChainElement.java:51)
	at org.apache.hc.client5.http.impl.classic.ContentCompressionExec.execute(ContentCompressionExec.java:150)
	at org.apache.hc.client5.http.impl.classic.ExecChainElement.execute(ExecChainElement.java:51)
	at org.apache.hc.client5.http.impl.classic.HttpRequestRetryExec.execute(HttpRequestRetryExec.java:113)
	at org.apache.hc.client5.http.impl.classic.ExecChainElement.execute(ExecChainElement.java:51)
	at org.apache.hc.client5.http.impl.classic.RedirectExec.execute(RedirectExec.java:110)
	at org.apache.hc.client5.http.impl.classic.ExecChainElement.execute(ExecChainElement.java:51)
	at org.apache.hc.client5.http.impl.classic.InternalHttpClient.doExecute(InternalHttpClient.java:185)
	at org.apache.hc.client5.http.impl.classic.CloseableHttpClient.execute(CloseableHttpClient.java:87)
	at org.apache.hc.client5.http.impl.classic.CloseableHttpClient.execute(CloseableHttpClient.java:55)
	at org.apache.hc.client5.http.classic.HttpClient.executeOpen(HttpClient.java:183)
	at org.springframework.http.client.HttpComponentsClientHttpRequest.executeInternal(HttpComponentsClientHttpRequest.java:99)
	at org.springframework.http.client.AbstractStreamingClientHttpRequest.executeInternal(AbstractStreamingClientHttpRequest.java:71)
	at org.springframework.http.client.AbstractClientHttpRequest.execute(AbstractClientHttpRequest.java:81)
	at org.springframework.http.client.InterceptingClientHttpRequest$InterceptingRequestExecution.execute(InterceptingClientHttpRequest.java:117)
	at org.springframework.cloud.netflix.eureka.http.RestTemplateTransportClientFactory.lambda$restTemplate$2(RestTemplateTransportClientFactory.java:145)
	at org.springframework.http.client.InterceptingClientHttpRequest$InterceptingRequestExecution.execute(InterceptingClientHttpRequest.java:88)
	at org.springframework.http.client.InterceptingClientHttpRequest.executeInternal(InterceptingClientHttpRequest.java:72)
	at org.springframework.http.client.AbstractBufferingClientHttpRequest.executeInternal(AbstractBufferingClientHttpRequest.java:48)
	at org.springframework.http.client.AbstractClientHttpRequest.execute(AbstractClientHttpRequest.java:81)
	at org.springframework.web.client.RestTemplate.doExecute(RestTemplate.java:900)
	... 20 more

2026-03-23T13:51:28.916+07:00  WARN 25904 --- [GateWayService] [DiscoveryClient-HeartbeatExecutor-%d] c.n.d.s.t.d.RetryableEurekaHttpClient    : Request execution failed with message: I/O error on PUT request for "http://localhost:8083/eureka/apps/GATEWAYSERVICE/host.docker.internal:GateWayService:8084": Connect to http://localhost:8083 failed: Connection refused: getsockopt
2026-03-23T13:51:28.916+07:00 ERROR 25904 --- [GateWayService] [DiscoveryClient-HeartbeatExecutor-%d] com.netflix.discovery.DiscoveryClient    : DiscoveryClient_GATEWAYSERVICE/host.docker.internal:GateWayService:8084 - was unable to send heartbeat!

com.netflix.discovery.shared.transport.TransportException: Cannot execute request on any known server
	at com.netflix.discovery.shared.transport.decorator.RetryableEurekaHttpClient.execute(RetryableEurekaHttpClient.java:112)
	at com.netflix.discovery.shared.transport.decorator.EurekaHttpClientDecorator.sendHeartBeat(EurekaHttpClientDecorator.java:89)
	at com.netflix.discovery.shared.transport.decorator.EurekaHttpClientDecorator$3.execute(EurekaHttpClientDecorator.java:92)
	at com.netflix.discovery.shared.transport.decorator.SessionedEurekaHttpClient.execute(SessionedEurekaHttpClient.java:76)
	at com.netflix.discovery.shared.transport.decorator.EurekaHttpClientDecorator.sendHeartBeat(EurekaHttpClientDecorator.java:89)
	at com.netflix.discovery.DiscoveryClient.renew(DiscoveryClient.java:845)
	at com.netflix.discovery.DiscoveryClient$HeartbeatThread.run(DiscoveryClient.java:1402)
	at java.base/java.util.concurrent.Executors$RunnableAdapter.call(Executors.java:545)
	at java.base/java.util.concurrent.FutureTask.run(FutureTask.java:328)
	at java.base/java.util.concurrent.ThreadPoolExecutor.runWorker(ThreadPoolExecutor.java:1090)
	at java.base/java.util.concurrent.ThreadPoolExecutor$Worker.run(ThreadPoolExecutor.java:614)
	at java.base/java.lang.Thread.run(Thread.java:1474)

2026-03-23T13:51:29.103+07:00  INFO 25904 --- [GateWayService] [DiscoveryClient-CacheRefreshExecutor-%d] c.n.d.s.t.d.RedirectingEurekaHttpClient  : Request execution error. endpoint=DefaultEndpoint{ serviceUrl='http://localhost:8083/eureka/} exception=I/O error on GET request for "http://localhost:8083/eureka/apps/delta": Connect to http://localhost:8083 failed: Connection refused: getsockopt stacktrace=org.springframework.web.client.ResourceAccessException: I/O error on GET request for "http://localhost:8083/eureka/apps/delta": Connect to http://localhost:8083 failed: Connection refused: getsockopt
	at org.springframework.web.client.RestTemplate.createResourceAccessException(RestTemplate.java:926)
	at org.springframework.web.client.RestTemplate.doExecute(RestTemplate.java:906)
	at org.springframework.web.client.RestTemplate.execute(RestTemplate.java:841)
	at org.springframework.web.client.RestTemplate.exchange(RestTemplate.java:702)
	at org.springframework.cloud.netflix.eureka.http.RestTemplateEurekaHttpClient.getApplicationsInternal(RestTemplateEurekaHttpClient.java:174)
	at org.springframework.cloud.netflix.eureka.http.RestTemplateEurekaHttpClient.getDelta(RestTemplateEurekaHttpClient.java:186)
	at com.netflix.discovery.shared.transport.decorator.EurekaHttpClientDecorator$7.execute(EurekaHttpClientDecorator.java:152)
	at com.netflix.discovery.shared.transport.decorator.RedirectingEurekaHttpClient.execute(RedirectingEurekaHttpClient.java:91)
	at com.netflix.discovery.shared.transport.decorator.EurekaHttpClientDecorator.getDelta(EurekaHttpClientDecorator.java:149)
	at com.netflix.discovery.shared.transport.decorator.EurekaHttpClientDecorator$7.execute(EurekaHttpClientDecorator.java:152)
	at com.netflix.discovery.shared.transport.decorator.RetryableEurekaHttpClient.execute(RetryableEurekaHttpClient.java:120)
	at com.netflix.discovery.shared.transport.decorator.EurekaHttpClientDecorator.getDelta(EurekaHttpClientDecorator.java:149)
	at com.netflix.discovery.shared.transport.decorator.EurekaHttpClientDecorator$7.execute(EurekaHttpClientDecorator.java:152)
	at com.netflix.discovery.shared.transport.decorator.SessionedEurekaHttpClient.execute(SessionedEurekaHttpClient.java:76)
	at com.netflix.discovery.shared.transport.decorator.EurekaHttpClientDecorator.getDelta(EurekaHttpClientDecorator.java:149)
	at com.netflix.discovery.DiscoveryClient.getAndUpdateDelta(DiscoveryClient.java:1080)
	at com.netflix.discovery.DiscoveryClient.fetchRegistry(DiscoveryClient.java:963)
	at com.netflix.discovery.DiscoveryClient.refreshRegistry(DiscoveryClient.java:1473)
	at com.netflix.discovery.DiscoveryClient$CacheRefreshThread.run(DiscoveryClient.java:1441)
	at java.base/java.util.concurrent.Executors$RunnableAdapter.call(Executors.java:545)
	at java.base/java.util.concurrent.FutureTask.run(FutureTask.java:328)
	at java.base/java.util.concurrent.ThreadPoolExecutor.runWorker(ThreadPoolExecutor.java:1090)
	at java.base/java.util.concurrent.ThreadPoolExecutor$Worker.run(ThreadPoolExecutor.java:614)
	at java.base/java.lang.Thread.run(Thread.java:1474)
Caused by: org.apache.hc.client5.http.HttpHostConnectException: Connect to http://localhost:8083 failed: Connection refused: getsockopt
	at java.base/sun.nio.ch.Net.pollConnect(Native Method)
	at java.base/sun.nio.ch.Net.pollConnectNow(Net.java:639)
	at java.base/sun.nio.ch.NioSocketImpl.timedFinishConnect(NioSocketImpl.java:543)
	at java.base/sun.nio.ch.NioSocketImpl.connect(NioSocketImpl.java:594)
	at java.base/java.net.SocksSocketImpl.connect(SocksSocketImpl.java:284)
	at java.base/java.net.Socket.connect(Socket.java:659)
	at org.apache.hc.client5.http.impl.io.DefaultHttpClientConnectionOperator.connect(DefaultHttpClientConnectionOperator.java:205)
	at org.apache.hc.client5.http.impl.io.PoolingHttpClientConnectionManager.connect(PoolingHttpClientConnectionManager.java:490)
	at org.apache.hc.client5.http.impl.classic.InternalExecRuntime.connectEndpoint(InternalExecRuntime.java:164)
	at org.apache.hc.client5.http.impl.classic.InternalExecRuntime.connectEndpoint(InternalExecRuntime.java:174)
	at org.apache.hc.client5.http.impl.classic.ConnectExec.execute(ConnectExec.java:144)
	at org.apache.hc.client5.http.impl.classic.ExecChainElement.execute(ExecChainElement.java:51)
	at org.apache.hc.client5.http.impl.classic.ProtocolExec.execute(ProtocolExec.java:195)
	at org.apache.hc.client5.http.impl.classic.ExecChainElement.execute(ExecChainElement.java:51)
	at org.apache.hc.client5.http.impl.classic.ContentCompressionExec.execute(ContentCompressionExec.java:150)
	at org.apache.hc.client5.http.impl.classic.ExecChainElement.execute(ExecChainElement.java:51)
	at org.apache.hc.client5.http.impl.classic.HttpRequestRetryExec.execute(HttpRequestRetryExec.java:113)
	at org.apache.hc.client5.http.impl.classic.ExecChainElement.execute(ExecChainElement.java:51)
	at org.apache.hc.client5.http.impl.classic.RedirectExec.execute(RedirectExec.java:110)
	at org.apache.hc.client5.http.impl.classic.ExecChainElement.execute(ExecChainElement.java:51)
	at org.apache.hc.client5.http.impl.classic.InternalHttpClient.doExecute(InternalHttpClient.java:185)
	at org.apache.hc.client5.http.impl.classic.CloseableHttpClient.execute(CloseableHttpClient.java:87)
	at org.apache.hc.client5.http.impl.classic.CloseableHttpClient.execute(CloseableHttpClient.java:55)
	at org.apache.hc.client5.http.classic.HttpClient.executeOpen(HttpClient.java:183)
	at org.springframework.http.client.HttpComponentsClientHttpRequest.executeInternal(HttpComponentsClientHttpRequest.java:99)
	at org.springframework.http.client.AbstractStreamingClientHttpRequest.executeInternal(AbstractStreamingClientHttpRequest.java:71)
	at org.springframework.http.client.AbstractClientHttpRequest.execute(AbstractClientHttpRequest.java:81)
	at org.springframework.http.client.InterceptingClientHttpRequest$InterceptingRequestExecution.execute(InterceptingClientHttpRequest.java:117)
	at org.springframework.cloud.netflix.eureka.http.RestTemplateTransportClientFactory.lambda$restTemplate$2(RestTemplateTransportClientFactory.java:145)
	at org.springframework.http.client.InterceptingClientHttpRequest$InterceptingRequestExecution.execute(InterceptingClientHttpRequest.java:88)
	at org.springframework.http.client.InterceptingClientHttpRequest.executeInternal(InterceptingClientHttpRequest.java:72)
	at org.springframework.http.client.AbstractBufferingClientHttpRequest.executeInternal(AbstractBufferingClientHttpRequest.java:48)
	at org.springframework.http.client.AbstractClientHttpRequest.execute(AbstractClientHttpRequest.java:81)
	at org.springframework.web.client.RestTemplate.doExecute(RestTemplate.java:900)
	... 22 more

2026-03-23T13:51:29.104+07:00  WARN 25904 --- [GateWayService] [DiscoveryClient-CacheRefreshExecutor-%d] c.n.d.s.t.d.RetryableEurekaHttpClient    : Request execution failed with message: I/O error on GET request for "http://localhost:8083/eureka/apps/delta": Connect to http://localhost:8083 failed: Connection refused: getsockopt
2026-03-23T13:51:29.120+07:00  INFO 25904 --- [GateWayService] [DiscoveryClient-CacheRefreshExecutor-%d] c.n.d.s.t.d.RedirectingEurekaHttpClient  : Request execution error. endpoint=DefaultEndpoint{ serviceUrl='http://localhost:8083/eureka/}, exception=I/O error on GET request for "http://localhost:8083/eureka/apps/delta": Connect to http://localhost:8083 failed: Connection refused: getsockopt stacktrace=org.springframework.web.client.ResourceAccessException: I/O error on GET request for "http://localhost:8083/eureka/apps/delta": Connect to http://localhost:8083 failed: Connection refused: getsockopt
	at org.springframework.web.client.RestTemplate.createResourceAccessException(RestTemplate.java:926)
	at org.springframework.web.client.RestTemplate.doExecute(RestTemplate.java:906)
	at org.springframework.web.client.RestTemplate.execute(RestTemplate.java:841)
	at org.springframework.web.client.RestTemplate.exchange(RestTemplate.java:702)
	at org.springframework.cloud.netflix.eureka.http.RestTemplateEurekaHttpClient.getApplicationsInternal(RestTemplateEurekaHttpClient.java:174)
	at org.springframework.cloud.netflix.eureka.http.RestTemplateEurekaHttpClient.getDelta(RestTemplateEurekaHttpClient.java:186)
	at com.netflix.discovery.shared.transport.decorator.EurekaHttpClientDecorator$7.execute(EurekaHttpClientDecorator.java:152)
	at com.netflix.discovery.shared.transport.decorator.RedirectingEurekaHttpClient.executeOnNewServer(RedirectingEurekaHttpClient.java:121)
	at com.netflix.discovery.shared.transport.decorator.RedirectingEurekaHttpClient.execute(RedirectingEurekaHttpClient.java:80)
	at com.netflix.discovery.shared.transport.decorator.EurekaHttpClientDecorator.getDelta(EurekaHttpClientDecorator.java:149)
	at com.netflix.discovery.shared.transport.decorator.EurekaHttpClientDecorator$7.execute(EurekaHttpClientDecorator.java:152)
	at com.netflix.discovery.shared.transport.decorator.RetryableEurekaHttpClient.execute(RetryableEurekaHttpClient.java:120)
	at com.netflix.discovery.shared.transport.decorator.EurekaHttpClientDecorator.getDelta(EurekaHttpClientDecorator.java:149)
	at com.netflix.discovery.shared.transport.decorator.EurekaHttpClientDecorator$7.execute(EurekaHttpClientDecorator.java:152)
	at com.netflix.discovery.shared.transport.decorator.SessionedEurekaHttpClient.execute(SessionedEurekaHttpClient.java:76)
	at com.netflix.discovery.shared.transport.decorator.EurekaHttpClientDecorator.getDelta(EurekaHttpClientDecorator.java:149)
	at com.netflix.discovery.DiscoveryClient.getAndUpdateDelta(DiscoveryClient.java:1080)
	at com.netflix.discovery.DiscoveryClient.fetchRegistry(DiscoveryClient.java:963)
	at com.netflix.discovery.DiscoveryClient.refreshRegistry(DiscoveryClient.java:1473)
	at com.netflix.discovery.DiscoveryClient$CacheRefreshThread.run(DiscoveryClient.java:1441)
	at java.base/java.util.concurrent.Executors$RunnableAdapter.call(Executors.java:545)
	at java.base/java.util.concurrent.FutureTask.run(FutureTask.java:328)
	at java.base/java.util.concurrent.ThreadPoolExecutor.runWorker(ThreadPoolExecutor.java:1090)
	at java.base/java.util.concurrent.ThreadPoolExecutor$Worker.run(ThreadPoolExecutor.java:614)
	at java.base/java.lang.Thread.run(Thread.java:1474)
Caused by: org.apache.hc.client5.http.HttpHostConnectException: Connect to http://localhost:8083 failed: Connection refused: getsockopt
	at java.base/sun.nio.ch.Net.pollConnect(Native Method)
	at java.base/sun.nio.ch.Net.pollConnectNow(Net.java:639)
	at java.base/sun.nio.ch.NioSocketImpl.timedFinishConnect(NioSocketImpl.java:543)
	at java.base/sun.nio.ch.NioSocketImpl.connect(NioSocketImpl.java:594)
	at java.base/java.net.SocksSocketImpl.connect(SocksSocketImpl.java:284)
	at java.base/java.net.Socket.connect(Socket.java:659)
	at org.apache.hc.client5.http.impl.io.DefaultHttpClientConnectionOperator.connect(DefaultHttpClientConnectionOperator.java:205)
	at org.apache.hc.client5.http.impl.io.PoolingHttpClientConnectionManager.connect(PoolingHttpClientConnectionManager.java:490)
	at org.apache.hc.client5.http.impl.classic.InternalExecRuntime.connectEndpoint(InternalExecRuntime.java:164)
	at org.apache.hc.client5.http.impl.classic.InternalExecRuntime.connectEndpoint(InternalExecRuntime.java:174)
	at org.apache.hc.client5.http.impl.classic.ConnectExec.execute(ConnectExec.java:144)
	at org.apache.hc.client5.http.impl.classic.ExecChainElement.execute(ExecChainElement.java:51)
	at org.apache.hc.client5.http.impl.classic.ProtocolExec.execute(ProtocolExec.java:195)
	at org.apache.hc.client5.http.impl.classic.ExecChainElement.execute(ExecChainElement.java:51)
	at org.apache.hc.client5.http.impl.classic.ContentCompressionExec.execute(ContentCompressionExec.java:150)
	at org.apache.hc.client5.http.impl.classic.ExecChainElement.execute(ExecChainElement.java:51)
	at org.apache.hc.client5.http.impl.classic.HttpRequestRetryExec.execute(HttpRequestRetryExec.java:113)
	at org.apache.hc.client5.http.impl.classic.ExecChainElement.execute(ExecChainElement.java:51)
	at org.apache.hc.client5.http.impl.classic.RedirectExec.execute(RedirectExec.java:110)
	at org.apache.hc.client5.http.impl.classic.ExecChainElement.execute(ExecChainElement.java:51)
	at org.apache.hc.client5.http.impl.classic.InternalHttpClient.doExecute(InternalHttpClient.java:185)
	at org.apache.hc.client5.http.impl.classic.CloseableHttpClient.execute(CloseableHttpClient.java:87)
	at org.apache.hc.client5.http.impl.classic.CloseableHttpClient.execute(CloseableHttpClient.java:55)
	at org.apache.hc.client5.http.classic.HttpClient.executeOpen(HttpClient.java:183)
	at org.springframework.http.client.HttpComponentsClientHttpRequest.executeInternal(HttpComponentsClientHttpRequest.java:99)
	at org.springframework.http.client.AbstractStreamingClientHttpRequest.executeInternal(AbstractStreamingClientHttpRequest.java:71)
	at org.springframework.http.client.AbstractClientHttpRequest.execute(AbstractClientHttpRequest.java:81)
	at org.springframework.http.client.InterceptingClientHttpRequest$InterceptingRequestExecution.execute(InterceptingClientHttpRequest.java:117)
	at org.springframework.cloud.netflix.eureka.http.RestTemplateTransportClientFactory.lambda$restTemplate$2(RestTemplateTransportClientFactory.java:145)
	at org.springframework.http.client.InterceptingClientHttpRequest$InterceptingRequestExecution.execute(InterceptingClientHttpRequest.java:88)
	at org.springframework.http.client.InterceptingClientHttpRequest.executeInternal(InterceptingClientHttpRequest.java:72)
	at org.springframework.http.client.AbstractBufferingClientHttpRequest.executeInternal(AbstractBufferingClientHttpRequest.java:48)
	at org.springframework.http.client.AbstractClientHttpRequest.execute(AbstractClientHttpRequest.java:81)
	at org.springframework.web.client.RestTemplate.doExecute(RestTemplate.java:900)
	... 23 more

2026-03-23T13:51:29.120+07:00  WARN 25904 --- [GateWayService] [DiscoveryClient-CacheRefreshExecutor-%d] c.n.d.s.t.d.RetryableEurekaHttpClient    : Request execution failed with message: I/O error on GET request for "http://localhost:8083/eureka/apps/delta": Connect to http://localhost:8083 failed: Connection refused: getsockopt
2026-03-23T13:51:29.120+07:00  INFO 25904 --- [GateWayService] [DiscoveryClient-CacheRefreshExecutor-%d] com.netflix.discovery.DiscoveryClient    : DiscoveryClient_GATEWAYSERVICE/host.docker.internal:GateWayService:8084 - was unable to refresh its cache! This periodic background refresh will be retried in 30 seconds. status = Cannot execute request on any known server stacktrace = com.netflix.discovery.shared.transport.TransportException: Cannot execute request on any known server
	at com.netflix.discovery.shared.transport.decorator.RetryableEurekaHttpClient.execute(RetryableEurekaHttpClient.java:112)
	at com.netflix.discovery.shared.transport.decorator.EurekaHttpClientDecorator.getDelta(EurekaHttpClientDecorator.java:149)
	at com.netflix.discovery.shared.transport.decorator.EurekaHttpClientDecorator$7.execute(EurekaHttpClientDecorator.java:152)
	at com.netflix.discovery.shared.transport.decorator.SessionedEurekaHttpClient.execute(SessionedEurekaHttpClient.java:76)
	at com.netflix.discovery.shared.transport.decorator.EurekaHttpClientDecorator.getDelta(EurekaHttpClientDecorator.java:149)
	at com.netflix.discovery.DiscoveryClient.getAndUpdateDelta(DiscoveryClient.java:1080)
	at com.netflix.discovery.DiscoveryClient.fetchRegistry(DiscoveryClient.java:963)
	at com.netflix.discovery.DiscoveryClient.refreshRegistry(DiscoveryClient.java:1473)
	at com.netflix.discovery.DiscoveryClient$CacheRefreshThread.run(DiscoveryClient.java:1441)
	at java.base/java.util.concurrent.Executors$RunnableAdapter.call(Executors.java:545)
	at java.base/java.util.concurrent.FutureTask.run(FutureTask.java:328)
	at java.base/java.util.concurrent.ThreadPoolExecutor.runWorker(ThreadPoolExecutor.java:1090)
	at java.base/java.util.concurrent.ThreadPoolExecutor$Worker.run(ThreadPoolExecutor.java:614)
	at java.base/java.lang.Thread.run(Thread.java:1474)

2026-03-23T13:51:30.303+07:00  INFO 25904 --- [GateWayService] [SpringApplicationShutdownHook] com.netflix.discovery.DiscoveryClient    : Shutting down DiscoveryClient ...
2026-03-23T13:51:33.305+07:00  INFO 25904 --- [GateWayService] [SpringApplicationShutdownHook] com.netflix.discovery.DiscoveryClient    : Unregistering ...
2026-03-23T13:51:33.323+07:00  INFO 25904 --- [GateWayService] [SpringApplicationShutdownHook] c.n.d.s.t.d.RedirectingEurekaHttpClient  : Request execution error. endpoint=DefaultEndpoint{ serviceUrl='http://localhost:8083/eureka/}, exception=I/O error on DELETE request for "http://localhost:8083/eureka/apps/GATEWAYSERVICE/host.docker.internal:GateWayService:8084": Connect to http://localhost:8083 failed: Connection refused: getsockopt stacktrace=org.springframework.web.client.ResourceAccessException: I/O error on DELETE request for "http://localhost:8083/eureka/apps/GATEWAYSERVICE/host.docker.internal:GateWayService:8084": Connect to http://localhost:8083 failed: Connection refused: getsockopt
	at org.springframework.web.client.RestTemplate.createResourceAccessException(RestTemplate.java:926)
	at org.springframework.web.client.RestTemplate.doExecute(RestTemplate.java:906)
	at org.springframework.web.client.RestTemplate.execute(RestTemplate.java:841)
	at org.springframework.web.client.RestTemplate.exchange(RestTemplate.java:702)
	at org.springframework.cloud.netflix.eureka.http.RestTemplateEurekaHttpClient.cancel(RestTemplateEurekaHttpClient.java:100)
	at com.netflix.discovery.shared.transport.decorator.EurekaHttpClientDecorator$2.execute(EurekaHttpClientDecorator.java:74)
	at com.netflix.discovery.shared.transport.decorator.RedirectingEurekaHttpClient.executeOnNewServer(RedirectingEurekaHttpClient.java:121)
	at com.netflix.discovery.shared.transport.decorator.RedirectingEurekaHttpClient.execute(RedirectingEurekaHttpClient.java:80)
	at com.netflix.discovery.shared.transport.decorator.EurekaHttpClientDecorator.cancel(EurekaHttpClientDecorator.java:71)
	at com.netflix.discovery.shared.transport.decorator.EurekaHttpClientDecorator$2.execute(EurekaHttpClientDecorator.java:74)
	at com.netflix.discovery.shared.transport.decorator.RetryableEurekaHttpClient.execute(RetryableEurekaHttpClient.java:120)
	at com.netflix.discovery.shared.transport.decorator.EurekaHttpClientDecorator.cancel(EurekaHttpClientDecorator.java:71)
	at com.netflix.discovery.shared.transport.decorator.EurekaHttpClientDecorator$2.execute(EurekaHttpClientDecorator.java:74)
	at com.netflix.discovery.shared.transport.decorator.SessionedEurekaHttpClient.execute(SessionedEurekaHttpClient.java:76)
	at com.netflix.discovery.shared.transport.decorator.EurekaHttpClientDecorator.cancel(EurekaHttpClientDecorator.java:71)
	at com.netflix.discovery.DiscoveryClient.unregister(DiscoveryClient.java:919)
	at com.netflix.discovery.DiscoveryClient.shutdown(DiscoveryClient.java:900)
	at java.base/jdk.internal.reflect.DirectMethodHandleAccessor.invoke(DirectMethodHandleAccessor.java:104)
	at java.base/java.lang.reflect.Method.invoke(Method.java:565)
	at org.springframework.beans.factory.annotation.InitDestroyAnnotationBeanPostProcessor$LifecycleMethod.invoke(InitDestroyAnnotationBeanPostProcessor.java:457)
	at org.springframework.beans.factory.annotation.InitDestroyAnnotationBeanPostProcessor$LifecycleMetadata.invokeDestroyMethods(InitDestroyAnnotationBeanPostProcessor.java:415)
	at org.springframework.beans.factory.annotation.InitDestroyAnnotationBeanPostProcessor.postProcessBeforeDestruction(InitDestroyAnnotationBeanPostProcessor.java:239)
	at org.springframework.beans.factory.support.DisposableBeanAdapter.destroy(DisposableBeanAdapter.java:202)
	at org.springframework.beans.factory.support.DisposableBeanAdapter.run(DisposableBeanAdapter.java:195)
	at org.springframework.cloud.context.scope.GenericScope$BeanLifecycleWrapper.destroy(GenericScope.java:387)
	at org.springframework.cloud.context.scope.GenericScope.destroy(GenericScope.java:134)
	at org.springframework.beans.factory.support.DisposableBeanAdapter.destroy(DisposableBeanAdapter.java:211)
	at org.springframework.beans.factory.support.DefaultSingletonBeanRegistry.destroyBean(DefaultSingletonBeanRegistry.java:798)
	at org.springframework.beans.factory.support.DefaultSingletonBeanRegistry.destroySingleton(DefaultSingletonBeanRegistry.java:748)
	at org.springframework.beans.factory.support.DefaultListableBeanFactory.destroySingleton(DefaultListableBeanFactory.java:1474)
	at org.springframework.beans.factory.support.DefaultSingletonBeanRegistry.destroySingletons(DefaultSingletonBeanRegistry.java:707)
	at org.springframework.beans.factory.support.DefaultListableBeanFactory.destroySingletons(DefaultListableBeanFactory.java:1467)
	at org.springframework.context.support.AbstractApplicationContext.destroyBeans(AbstractApplicationContext.java:1219)
	at org.springframework.context.support.AbstractApplicationContext.doClose(AbstractApplicationContext.java:1180)
	at org.springframework.boot.web.reactive.context.ReactiveWebServerApplicationContext.doClose(ReactiveWebServerApplicationContext.java:155)
	at org.springframework.context.support.AbstractApplicationContext.close(AbstractApplicationContext.java:1126)
	at org.springframework.boot.SpringApplicationShutdownHook.closeAndWait(SpringApplicationShutdownHook.java:147)
	at java.base/java.lang.Iterable.forEach(Iterable.java:75)
	at org.springframework.boot.SpringApplicationShutdownHook.run(SpringApplicationShutdownHook.java:116)
	at java.base/java.lang.Thread.run(Thread.java:1474)
Caused by: org.apache.hc.client5.http.HttpHostConnectException: Connect to http://localhost:8083 failed: Connection refused: getsockopt
	at java.base/sun.nio.ch.Net.pollConnect(Native Method)
	at java.base/sun.nio.ch.Net.pollConnectNow(Net.java:639)
	at java.base/sun.nio.ch.NioSocketImpl.timedFinishConnect(NioSocketImpl.java:543)
	at java.base/sun.nio.ch.NioSocketImpl.connect(NioSocketImpl.java:594)
	at java.base/java.net.SocksSocketImpl.connect(SocksSocketImpl.java:284)
	at java.base/java.net.Socket.connect(Socket.java:659)
	at org.apache.hc.client5.http.impl.io.DefaultHttpClientConnectionOperator.connect(DefaultHttpClientConnectionOperator.java:205)
	at org.apache.hc.client5.http.impl.io.PoolingHttpClientConnectionManager.connect(PoolingHttpClientConnectionManager.java:490)
	at org.apache.hc.client5.http.impl.classic.InternalExecRuntime.connectEndpoint(InternalExecRuntime.java:164)
	at org.apache.hc.client5.http.impl.classic.InternalExecRuntime.connectEndpoint(InternalExecRuntime.java:174)
	at org.apache.hc.client5.http.impl.classic.ConnectExec.execute(ConnectExec.java:144)
	at org.apache.hc.client5.http.impl.classic.ExecChainElement.execute(ExecChainElement.java:51)
	at org.apache.hc.client5.http.impl.classic.ProtocolExec.execute(ProtocolExec.java:195)
	at org.apache.hc.client5.http.impl.classic.ExecChainElement.execute(ExecChainElement.java:51)
	at org.apache.hc.client5.http.impl.classic.ContentCompressionExec.execute(ContentCompressionExec.java:150)
	at org.apache.hc.client5.http.impl.classic.ExecChainElement.execute(ExecChainElement.java:51)
	at org.apache.hc.client5.http.impl.classic.HttpRequestRetryExec.execute(HttpRequestRetryExec.java:113)
	at org.apache.hc.client5.http.impl.classic.ExecChainElement.execute(ExecChainElement.java:51)
	at org.apache.hc.client5.http.impl.classic.RedirectExec.execute(RedirectExec.java:110)
	at org.apache.hc.client5.http.impl.classic.ExecChainElement.execute(ExecChainElement.java:51)
	at org.apache.hc.client5.http.impl.classic.InternalHttpClient.doExecute(InternalHttpClient.java:185)
	at org.apache.hc.client5.http.impl.classic.CloseableHttpClient.execute(CloseableHttpClient.java:87)
	at org.apache.hc.client5.http.impl.classic.CloseableHttpClient.execute(CloseableHttpClient.java:55)
	at org.apache.hc.client5.http.classic.HttpClient.executeOpen(HttpClient.java:183)
	at org.springframework.http.client.HttpComponentsClientHttpRequest.executeInternal(HttpComponentsClientHttpRequest.java:99)
	at org.springframework.http.client.AbstractStreamingClientHttpRequest.executeInternal(AbstractStreamingClientHttpRequest.java:71)
	at org.springframework.http.client.AbstractClientHttpRequest.execute(AbstractClientHttpRequest.java:81)
	at org.springframework.http.client.InterceptingClientHttpRequest$InterceptingRequestExecution.execute(InterceptingClientHttpRequest.java:117)
	at org.springframework.cloud.netflix.eureka.http.RestTemplateTransportClientFactory.lambda$restTemplate$2(RestTemplateTransportClientFactory.java:145)
	at org.springframework.http.client.InterceptingClientHttpRequest$InterceptingRequestExecution.execute(InterceptingClientHttpRequest.java:88)
	at org.springframework.http.client.InterceptingClientHttpRequest.executeInternal(InterceptingClientHttpRequest.java:72)
	at org.springframework.http.client.AbstractBufferingClientHttpRequest.executeInternal(AbstractBufferingClientHttpRequest.java:48)
	at org.springframework.http.client.AbstractClientHttpRequest.execute(AbstractClientHttpRequest.java:81)
	at org.springframework.web.client.RestTemplate.doExecute(RestTemplate.java:900)
	... 38 more

2026-03-23T13:51:33.324+07:00  WARN 25904 --- [GateWayService] [SpringApplicationShutdownHook] c.n.d.s.t.d.RetryableEurekaHttpClient    : Request execution failed with message: I/O error on DELETE request for "http://localhost:8083/eureka/apps/GATEWAYSERVICE/host.docker.internal:GateWayService:8084": Connect to http://localhost:8083 failed: Connection refused: getsockopt
2026-03-23T13:51:33.324+07:00 ERROR 25904 --- [GateWayService] [SpringApplicationShutdownHook] com.netflix.discovery.DiscoveryClient    : DiscoveryClient_GATEWAYSERVICE/host.docker.internal:GateWayService:8084 - de-registration failedCannot execute request on any known server

com.netflix.discovery.shared.transport.TransportException: Cannot execute request on any known server
	at com.netflix.discovery.shared.transport.decorator.RetryableEurekaHttpClient.execute(RetryableEurekaHttpClient.java:112)
	at com.netflix.discovery.shared.transport.decorator.EurekaHttpClientDecorator.cancel(EurekaHttpClientDecorator.java:71)
	at com.netflix.discovery.shared.transport.decorator.EurekaHttpClientDecorator$2.execute(EurekaHttpClientDecorator.java:74)
	at com.netflix.discovery.shared.transport.decorator.SessionedEurekaHttpClient.execute(SessionedEurekaHttpClient.java:76)
	at com.netflix.discovery.shared.transport.decorator.EurekaHttpClientDecorator.cancel(EurekaHttpClientDecorator.java:71)
	at com.netflix.discovery.DiscoveryClient.unregister(DiscoveryClient.java:919)
	at com.netflix.discovery.DiscoveryClient.shutdown(DiscoveryClient.java:900)
	at java.base/jdk.internal.reflect.DirectMethodHandleAccessor.invoke(DirectMethodHandleAccessor.java:104)
	at java.base/java.lang.reflect.Method.invoke(Method.java:565)
	at org.springframework.beans.factory.annotation.InitDestroyAnnotationBeanPostProcessor$LifecycleMethod.invoke(InitDestroyAnnotationBeanPostProcessor.java:457)
	at org.springframework.beans.factory.annotation.InitDestroyAnnotationBeanPostProcessor$LifecycleMetadata.invokeDestroyMethods(InitDestroyAnnotationBeanPostProcessor.java:415)
	at org.springframework.beans.factory.annotation.InitDestroyAnnotationBeanPostProcessor.postProcessBeforeDestruction(InitDestroyAnnotationBeanPostProcessor.java:239)
	at org.springframework.beans.factory.support.DisposableBeanAdapter.destroy(DisposableBeanAdapter.java:202)
	at org.springframework.beans.factory.support.DisposableBeanAdapter.run(DisposableBeanAdapter.java:195)
	at org.springframework.cloud.context.scope.GenericScope$BeanLifecycleWrapper.destroy(GenericScope.java:387)
	at org.springframework.cloud.context.scope.GenericScope.destroy(GenericScope.java:134)
	at org.springframework.beans.factory.support.DisposableBeanAdapter.destroy(DisposableBeanAdapter.java:211)
	at org.springframework.beans.factory.support.DefaultSingletonBeanRegistry.destroyBean(DefaultSingletonBeanRegistry.java:798)
	at org.springframework.beans.factory.support.DefaultSingletonBeanRegistry.destroySingleton(DefaultSingletonBeanRegistry.java:748)
	at org.springframework.beans.factory.support.DefaultListableBeanFactory.destroySingleton(DefaultListableBeanFactory.java:1474)
	at org.springframework.beans.factory.support.DefaultSingletonBeanRegistry.destroySingletons(DefaultSingletonBeanRegistry.java:707)
	at org.springframework.beans.factory.support.DefaultListableBeanFactory.destroySingletons(DefaultListableBeanFactory.java:1467)
	at org.springframework.context.support.AbstractApplicationContext.destroyBeans(AbstractApplicationContext.java:1219)
	at org.springframework.context.support.AbstractApplicationContext.doClose(AbstractApplicationContext.java:1180)
	at org.springframework.boot.web.reactive.context.ReactiveWebServerApplicationContext.doClose(ReactiveWebServerApplicationContext.java:155)
	at org.springframework.context.support.AbstractApplicationContext.close(AbstractApplicationContext.java:1126)
	at org.springframework.boot.SpringApplicationShutdownHook.closeAndWait(SpringApplicationShutdownHook.java:147)
	at java.base/java.lang.Iterable.forEach(Iterable.java:75)
	at org.springframework.boot.SpringApplicationShutdownHook.run(SpringApplicationShutdownHook.java:116)
	at java.base/java.lang.Thread.run(Thread.java:1474)

2026-03-23T13:51:33.325+07:00  INFO 25904 --- [GateWayService] [SpringApplicationShutdownHook] com.netflix.discovery.DiscoveryClient    : Completed shut down of DiscoveryClient
2026-03-23T13:52:08.905+07:00  INFO 24396 --- [GateWayService] [main] c.e.G.GateWayServiceApplication          : Starting GateWayServiceApplication using Java 25.0.1 with PID 24396 (C:\Users\vuna1\Desktop\learniverse\learniverse\GateWayService\target\classes started by vuna1 in C:\Users\vuna1\Desktop\learniverse\learniverse)
2026-03-23T13:52:08.908+07:00  INFO 24396 --- [GateWayService] [main] c.e.G.GateWayServiceApplication          : No active profile set, falling back to 1 default profile: "default"
2026-03-23T13:52:08.934+07:00  INFO 24396 --- [GateWayService] [main] o.s.c.c.c.ConfigServerConfigDataLoader   : Fetching config from server at : http://localhost:8082
2026-03-23T13:52:08.934+07:00  INFO 24396 --- [GateWayService] [main] o.s.c.c.c.ConfigServerConfigDataLoader   : Located environment: name=GateWayService, profiles=[default], label=null, version=null, state=null
2026-03-23T13:52:09.784+07:00  INFO 24396 --- [GateWayService] [main] o.s.cloud.context.scope.GenericScope     : BeanFactory id=d65fe887-e1f0-34ae-9153-6718d0cb11aa
2026-03-23T13:52:10.341+07:00  WARN 24396 --- [GateWayService] [main] GatewayClassPathWarningAutoConfiguration : 

**********************************************************

The artifact spring-cloud-gateway-server is deprecated. It will be removed in the next major release. Please add spring-cloud-gateway-server-webflux dependency.

**********************************************************


2026-03-23T13:52:10.565+07:00  INFO 24396 --- [GateWayService] [main] o.s.c.g.r.RouteDefinitionRouteLocator    : Loaded RoutePredicateFactory [After]
2026-03-23T13:52:10.565+07:00  INFO 24396 --- [GateWayService] [main] o.s.c.g.r.RouteDefinitionRouteLocator    : Loaded RoutePredicateFactory [Before]
2026-03-23T13:52:10.565+07:00  INFO 24396 --- [GateWayService] [main] o.s.c.g.r.RouteDefinitionRouteLocator    : Loaded RoutePredicateFactory [Between]
2026-03-23T13:52:10.565+07:00  INFO 24396 --- [GateWayService] [main] o.s.c.g.r.RouteDefinitionRouteLocator    : Loaded RoutePredicateFactory [Cookie]
2026-03-23T13:52:10.565+07:00  INFO 24396 --- [GateWayService] [main] o.s.c.g.r.RouteDefinitionRouteLocator    : Loaded RoutePredicateFactory [Header]
2026-03-23T13:52:10.565+07:00  INFO 24396 --- [GateWayService] [main] o.s.c.g.r.RouteDefinitionRouteLocator    : Loaded RoutePredicateFactory [Host]
2026-03-23T13:52:10.566+07:00  INFO 24396 --- [GateWayService] [main] o.s.c.g.r.RouteDefinitionRouteLocator    : Loaded RoutePredicateFactory [Method]
2026-03-23T13:52:10.566+07:00  INFO 24396 --- [GateWayService] [main] o.s.c.g.r.RouteDefinitionRouteLocator    : Loaded RoutePredicateFactory [Path]
2026-03-23T13:52:10.567+07:00  INFO 24396 --- [GateWayService] [main] o.s.c.g.r.RouteDefinitionRouteLocator    : Loaded RoutePredicateFactory [Query]
2026-03-23T13:52:10.567+07:00  INFO 24396 --- [GateWayService] [main] o.s.c.g.r.RouteDefinitionRouteLocator    : Loaded RoutePredicateFactory [ReadBody]
2026-03-23T13:52:10.567+07:00  INFO 24396 --- [GateWayService] [main] o.s.c.g.r.RouteDefinitionRouteLocator    : Loaded RoutePredicateFactory [RemoteAddr]
2026-03-23T13:52:10.567+07:00  INFO 24396 --- [GateWayService] [main] o.s.c.g.r.RouteDefinitionRouteLocator    : Loaded RoutePredicateFactory [XForwardedRemoteAddr]
2026-03-23T13:52:10.568+07:00  INFO 24396 --- [GateWayService] [main] o.s.c.g.r.RouteDefinitionRouteLocator    : Loaded RoutePredicateFactory [Weight]
2026-03-23T13:52:10.568+07:00  INFO 24396 --- [GateWayService] [main] o.s.c.g.r.RouteDefinitionRouteLocator    : Loaded RoutePredicateFactory [CloudFoundryRouteService]
2026-03-23T13:52:10.809+07:00  INFO 24396 --- [GateWayService] [main] o.s.b.a.e.web.EndpointLinksResolver      : Exposing 30 endpoints beneath base path '/actuator'
2026-03-23T13:52:10.988+07:00  INFO 24396 --- [GateWayService] [main] DiscoveryClientOptionalArgsConfiguration : Eureka HTTP Client uses RestTemplate.
2026-03-23T13:52:11.004+07:00  WARN 24396 --- [GateWayService] [main] s.w.s.StarterDeprecatedAutoConfiguration : 

**********************************************************

spring-cloud-starter-gateway is deprecated. It will be removed in the next major release. Please use spring-cloud-starter-gateway-server-webflux instead.

**********************************************************


2026-03-23T13:52:11.010+07:00  WARN 24396 --- [GateWayService] [main] iguration$LoadBalancerCaffeineWarnLogger : Spring Cloud LoadBalancer is currently working with the default cache. While this cache implementation is useful for development and tests, it's recommended to use Caffeine cache in production.You can switch to using Caffeine cache, by adding it and org.springframework.cache.caffeine.CaffeineCacheManager to the classpath.
2026-03-23T13:52:11.053+07:00  INFO 24396 --- [GateWayService] [main] o.s.c.n.eureka.InstanceInfoFactory       : Setting initial instance status as: STARTING
2026-03-23T13:52:11.067+07:00  INFO 24396 --- [GateWayService] [main] com.netflix.discovery.DiscoveryClient    : Initializing Eureka in region us-east-1
2026-03-23T13:52:11.071+07:00  INFO 24396 --- [GateWayService] [main] c.n.d.s.r.aws.ConfigClusterResolver      : Resolving eureka endpoints via configuration
2026-03-23T13:52:11.079+07:00  INFO 24396 --- [GateWayService] [main] com.netflix.discovery.DiscoveryClient    : Disable delta property : false
2026-03-23T13:52:11.079+07:00  INFO 24396 --- [GateWayService] [main] com.netflix.discovery.DiscoveryClient    : Single vip registry refresh property : null
2026-03-23T13:52:11.079+07:00  INFO 24396 --- [GateWayService] [main] com.netflix.discovery.DiscoveryClient    : Force full registry fetch : false
2026-03-23T13:52:11.079+07:00  INFO 24396 --- [GateWayService] [main] com.netflix.discovery.DiscoveryClient    : Application is null : false
2026-03-23T13:52:11.079+07:00  INFO 24396 --- [GateWayService] [main] com.netflix.discovery.DiscoveryClient    : Registered Applications size is zero : true
2026-03-23T13:52:11.080+07:00  INFO 24396 --- [GateWayService] [main] com.netflix.discovery.DiscoveryClient    : Application version is -1: true
2026-03-23T13:52:11.080+07:00  INFO 24396 --- [GateWayService] [main] com.netflix.discovery.DiscoveryClient    : Getting all instance registry info from the eureka server
2026-03-23T13:52:11.444+07:00  INFO 24396 --- [GateWayService] [main] com.netflix.discovery.DiscoveryClient    : The response status is 200
2026-03-23T13:52:11.445+07:00  INFO 24396 --- [GateWayService] [main] com.netflix.discovery.DiscoveryClient    : Starting heartbeat executor: renew interval is: 30
2026-03-23T13:52:11.446+07:00  INFO 24396 --- [GateWayService] [main] c.n.discovery.InstanceInfoReplicator     : InstanceInfoReplicator onDemand update allowed rate per min is 4
2026-03-23T13:52:11.447+07:00  INFO 24396 --- [GateWayService] [main] com.netflix.discovery.DiscoveryClient    : Discovery Client initialized at timestamp 1774248731447 with initial instances count: 0
2026-03-23T13:52:11.449+07:00  INFO 24396 --- [GateWayService] [main] o.s.c.n.e.s.EurekaServiceRegistry        : Registering application GATEWAYSERVICE with eureka with status UP
2026-03-23T13:52:11.450+07:00  INFO 24396 --- [GateWayService] [main] com.netflix.discovery.DiscoveryClient    : Saw local status change event StatusChangeEvent [timestamp=1774248731450, current=UP, previous=STARTING]
2026-03-23T13:52:11.451+07:00  INFO 24396 --- [GateWayService] [DiscoveryClient-InstanceInfoReplicator-%d] com.netflix.discovery.DiscoveryClient    : DiscoveryClient_GATEWAYSERVICE/host.docker.internal:GateWayService:8084: registering service...
2026-03-23T13:52:11.510+07:00  INFO 24396 --- [GateWayService] [DiscoveryClient-InstanceInfoReplicator-%d] com.netflix.discovery.DiscoveryClient    : DiscoveryClient_GATEWAYSERVICE/host.docker.internal:GateWayService:8084 - registration status: 204
2026-03-23T13:52:11.597+07:00  INFO 24396 --- [GateWayService] [main] o.s.b.web.embedded.netty.NettyWebServer  : Netty started on port 8084 (http)
2026-03-23T13:52:11.598+07:00  INFO 24396 --- [GateWayService] [main] .s.c.n.e.s.EurekaAutoServiceRegistration : Updating port to 8084
2026-03-23T13:52:11.621+07:00  INFO 24396 --- [GateWayService] [main] c.e.G.GateWayServiceApplication          : Started GateWayServiceApplication in 3.385 seconds (process running for 3.822)
2026-03-23T13:52:41.446+07:00  INFO 24396 --- [GateWayService] [DiscoveryClient-CacheRefreshExecutor-%d] com.netflix.discovery.DiscoveryClient    : Disable delta property : false
2026-03-23T13:52:41.447+07:00  INFO 24396 --- [GateWayService] [DiscoveryClient-CacheRefreshExecutor-%d] com.netflix.discovery.DiscoveryClient    : Single vip registry refresh property : null
2026-03-23T13:52:41.447+07:00  INFO 24396 --- [GateWayService] [DiscoveryClient-CacheRefreshExecutor-%d] com.netflix.discovery.DiscoveryClient    : Force full registry fetch : false
2026-03-23T13:52:41.447+07:00  INFO 24396 --- [GateWayService] [DiscoveryClient-CacheRefreshExecutor-%d] com.netflix.discovery.DiscoveryClient    : Application is null : false
2026-03-23T13:52:41.448+07:00  INFO 24396 --- [GateWayService] [DiscoveryClient-CacheRefreshExecutor-%d] com.netflix.discovery.DiscoveryClient    : Registered Applications size is zero : true
2026-03-23T13:52:41.449+07:00  INFO 24396 --- [GateWayService] [DiscoveryClient-CacheRefreshExecutor-%d] com.netflix.discovery.DiscoveryClient    : Application version is -1: false
2026-03-23T13:52:41.449+07:00  INFO 24396 --- [GateWayService] [DiscoveryClient-CacheRefreshExecutor-%d] com.netflix.discovery.DiscoveryClient    : Getting all instance registry info from the eureka server
2026-03-23T13:52:41.471+07:00  INFO 24396 --- [GateWayService] [DiscoveryClient-CacheRefreshExecutor-%d] com.netflix.discovery.DiscoveryClient    : The response status is 200
2026-03-23T13:53:43.565+07:00  INFO 24396 --- [GateWayService] [SpringApplicationShutdownHook] o.s.c.n.e.s.EurekaServiceRegistry        : Unregistering application GATEWAYSERVICE with eureka with status DOWN
2026-03-23T13:53:43.565+07:00  INFO 24396 --- [GateWayService] [SpringApplicationShutdownHook] com.netflix.discovery.DiscoveryClient    : Saw local status change event StatusChangeEvent [timestamp=1774248823565, current=DOWN, previous=UP]
2026-03-23T13:53:43.565+07:00  INFO 24396 --- [GateWayService] [DiscoveryClient-InstanceInfoReplicator-%d] com.netflix.discovery.DiscoveryClient    : DiscoveryClient_GATEWAYSERVICE/host.docker.internal:GateWayService:8084: registering service...
2026-03-23T13:53:43.568+07:00  INFO 24396 --- [GateWayService] [SpringApplicationShutdownHook] o.s.b.w.embedded.netty.GracefulShutdown  : Commencing graceful shutdown. Waiting for active requests to complete
2026-03-23T13:53:43.571+07:00  INFO 24396 --- [GateWayService] [netty-shutdown] o.s.b.w.embedded.netty.GracefulShutdown  : Graceful shutdown complete
2026-03-23T13:53:43.577+07:00  INFO 24396 --- [GateWayService] [DiscoveryClient-InstanceInfoReplicator-%d] com.netflix.discovery.DiscoveryClient    : DiscoveryClient_GATEWAYSERVICE/host.docker.internal:GateWayService:8084 - registration status: 204
2026-03-23T13:53:45.599+07:00  INFO 24396 --- [GateWayService] [SpringApplicationShutdownHook] com.netflix.discovery.DiscoveryClient    : Shutting down DiscoveryClient ...
2026-03-23T13:53:48.602+07:00  INFO 24396 --- [GateWayService] [SpringApplicationShutdownHook] com.netflix.discovery.DiscoveryClient    : Unregistering ...
2026-03-23T13:53:48.606+07:00  INFO 24396 --- [GateWayService] [SpringApplicationShutdownHook] c.n.d.s.t.d.RedirectingEurekaHttpClient  : Request execution error. endpoint=DefaultEndpoint{ serviceUrl='http://localhost:8083/eureka/} exception=I/O error on DELETE request for "http://localhost:8083/eureka/apps/GATEWAYSERVICE/host.docker.internal:GateWayService:8084": Connect to http://localhost:8083 failed: Connection refused: getsockopt stacktrace=org.springframework.web.client.ResourceAccessException: I/O error on DELETE request for "http://localhost:8083/eureka/apps/GATEWAYSERVICE/host.docker.internal:GateWayService:8084": Connect to http://localhost:8083 failed: Connection refused: getsockopt
	at org.springframework.web.client.RestTemplate.createResourceAccessException(RestTemplate.java:926)
	at org.springframework.web.client.RestTemplate.doExecute(RestTemplate.java:906)
	at org.springframework.web.client.RestTemplate.execute(RestTemplate.java:841)
	at org.springframework.web.client.RestTemplate.exchange(RestTemplate.java:702)
	at org.springframework.cloud.netflix.eureka.http.RestTemplateEurekaHttpClient.cancel(RestTemplateEurekaHttpClient.java:100)
	at com.netflix.discovery.shared.transport.decorator.EurekaHttpClientDecorator$2.execute(EurekaHttpClientDecorator.java:74)
	at com.netflix.discovery.shared.transport.decorator.RedirectingEurekaHttpClient.execute(RedirectingEurekaHttpClient.java:91)
	at com.netflix.discovery.shared.transport.decorator.EurekaHttpClientDecorator.cancel(EurekaHttpClientDecorator.java:71)
	at com.netflix.discovery.shared.transport.decorator.EurekaHttpClientDecorator$2.execute(EurekaHttpClientDecorator.java:74)
	at com.netflix.discovery.shared.transport.decorator.RetryableEurekaHttpClient.execute(RetryableEurekaHttpClient.java:120)
	at com.netflix.discovery.shared.transport.decorator.EurekaHttpClientDecorator.cancel(EurekaHttpClientDecorator.java:71)
	at com.netflix.discovery.shared.transport.decorator.EurekaHttpClientDecorator$2.execute(EurekaHttpClientDecorator.java:74)
	at com.netflix.discovery.shared.transport.decorator.SessionedEurekaHttpClient.execute(SessionedEurekaHttpClient.java:76)
	at com.netflix.discovery.shared.transport.decorator.EurekaHttpClientDecorator.cancel(EurekaHttpClientDecorator.java:71)
	at com.netflix.discovery.DiscoveryClient.unregister(DiscoveryClient.java:919)
	at com.netflix.discovery.DiscoveryClient.shutdown(DiscoveryClient.java:900)
	at java.base/jdk.internal.reflect.DirectMethodHandleAccessor.invoke(DirectMethodHandleAccessor.java:104)
	at java.base/java.lang.reflect.Method.invoke(Method.java:565)
	at org.springframework.beans.factory.annotation.InitDestroyAnnotationBeanPostProcessor$LifecycleMethod.invoke(InitDestroyAnnotationBeanPostProcessor.java:457)
	at org.springframework.beans.factory.annotation.InitDestroyAnnotationBeanPostProcessor$LifecycleMetadata.invokeDestroyMethods(InitDestroyAnnotationBeanPostProcessor.java:415)
	at org.springframework.beans.factory.annotation.InitDestroyAnnotationBeanPostProcessor.postProcessBeforeDestruction(InitDestroyAnnotationBeanPostProcessor.java:239)
	at org.springframework.beans.factory.support.DisposableBeanAdapter.destroy(DisposableBeanAdapter.java:202)
	at org.springframework.beans.factory.support.DisposableBeanAdapter.run(DisposableBeanAdapter.java:195)
	at org.springframework.cloud.context.scope.GenericScope$BeanLifecycleWrapper.destroy(GenericScope.java:387)
	at org.springframework.cloud.context.scope.GenericScope.destroy(GenericScope.java:134)
	at org.springframework.beans.factory.support.DisposableBeanAdapter.destroy(DisposableBeanAdapter.java:211)
	at org.springframework.beans.factory.support.DefaultSingletonBeanRegistry.destroyBean(DefaultSingletonBeanRegistry.java:798)
	at org.springframework.beans.factory.support.DefaultSingletonBeanRegistry.destroySingleton(DefaultSingletonBeanRegistry.java:748)
	at org.springframework.beans.factory.support.DefaultListableBeanFactory.destroySingleton(DefaultListableBeanFactory.java:1474)
	at org.springframework.beans.factory.support.DefaultSingletonBeanRegistry.destroySingletons(DefaultSingletonBeanRegistry.java:707)
	at org.springframework.beans.factory.support.DefaultListableBeanFactory.destroySingletons(DefaultListableBeanFactory.java:1467)
	at org.springframework.context.support.AbstractApplicationContext.destroyBeans(AbstractApplicationContext.java:1219)
	at org.springframework.context.support.AbstractApplicationContext.doClose(AbstractApplicationContext.java:1180)
	at org.springframework.boot.web.reactive.context.ReactiveWebServerApplicationContext.doClose(ReactiveWebServerApplicationContext.java:155)
	at org.springframework.context.support.AbstractApplicationContext.close(AbstractApplicationContext.java:1126)
	at org.springframework.boot.SpringApplicationShutdownHook.closeAndWait(SpringApplicationShutdownHook.java:147)
	at java.base/java.lang.Iterable.forEach(Iterable.java:75)
	at org.springframework.boot.SpringApplicationShutdownHook.run(SpringApplicationShutdownHook.java:116)
	at java.base/java.lang.Thread.run(Thread.java:1474)
Caused by: org.apache.hc.client5.http.HttpHostConnectException: Connect to http://localhost:8083 failed: Connection refused: getsockopt
	at java.base/sun.nio.ch.Net.pollConnect(Native Method)
	at java.base/sun.nio.ch.Net.pollConnectNow(Net.java:639)
	at java.base/sun.nio.ch.NioSocketImpl.timedFinishConnect(NioSocketImpl.java:543)
	at java.base/sun.nio.ch.NioSocketImpl.connect(NioSocketImpl.java:594)
	at java.base/java.net.SocksSocketImpl.connect(SocksSocketImpl.java:284)
	at java.base/java.net.Socket.connect(Socket.java:659)
	at org.apache.hc.client5.http.impl.io.DefaultHttpClientConnectionOperator.connect(DefaultHttpClientConnectionOperator.java:205)
	at org.apache.hc.client5.http.impl.io.PoolingHttpClientConnectionManager.connect(PoolingHttpClientConnectionManager.java:490)
	at org.apache.hc.client5.http.impl.classic.InternalExecRuntime.connectEndpoint(InternalExecRuntime.java:164)
	at org.apache.hc.client5.http.impl.classic.InternalExecRuntime.connectEndpoint(InternalExecRuntime.java:174)
	at org.apache.hc.client5.http.impl.classic.ConnectExec.execute(ConnectExec.java:144)
	at org.apache.hc.client5.http.impl.classic.ExecChainElement.execute(ExecChainElement.java:51)
	at org.apache.hc.client5.http.impl.classic.ProtocolExec.execute(ProtocolExec.java:195)
	at org.apache.hc.client5.http.impl.classic.ExecChainElement.execute(ExecChainElement.java:51)
	at org.apache.hc.client5.http.impl.classic.ContentCompressionExec.execute(ContentCompressionExec.java:150)
	at org.apache.hc.client5.http.impl.classic.ExecChainElement.execute(ExecChainElement.java:51)
	at org.apache.hc.client5.http.impl.classic.HttpRequestRetryExec.execute(HttpRequestRetryExec.java:113)
	at org.apache.hc.client5.http.impl.classic.ExecChainElement.execute(ExecChainElement.java:51)
	at org.apache.hc.client5.http.impl.classic.RedirectExec.execute(RedirectExec.java:110)
	at org.apache.hc.client5.http.impl.classic.ExecChainElement.execute(ExecChainElement.java:51)
	at org.apache.hc.client5.http.impl.classic.InternalHttpClient.doExecute(InternalHttpClient.java:185)
	at org.apache.hc.client5.http.impl.classic.CloseableHttpClient.execute(CloseableHttpClient.java:87)
	at org.apache.hc.client5.http.impl.classic.CloseableHttpClient.execute(CloseableHttpClient.java:55)
	at org.apache.hc.client5.http.classic.HttpClient.executeOpen(HttpClient.java:183)
	at org.springframework.http.client.HttpComponentsClientHttpRequest.executeInternal(HttpComponentsClientHttpRequest.java:99)
	at org.springframework.http.client.AbstractStreamingClientHttpRequest.executeInternal(AbstractStreamingClientHttpRequest.java:71)
	at org.springframework.http.client.AbstractClientHttpRequest.execute(AbstractClientHttpRequest.java:81)
	at org.springframework.http.client.InterceptingClientHttpRequest$InterceptingRequestExecution.execute(InterceptingClientHttpRequest.java:117)
	at org.springframework.cloud.netflix.eureka.http.RestTemplateTransportClientFactory.lambda$restTemplate$2(RestTemplateTransportClientFactory.java:145)
	at org.springframework.http.client.InterceptingClientHttpRequest$InterceptingRequestExecution.execute(InterceptingClientHttpRequest.java:88)
	at org.springframework.http.client.InterceptingClientHttpRequest.executeInternal(InterceptingClientHttpRequest.java:72)
	at org.springframework.http.client.AbstractBufferingClientHttpRequest.executeInternal(AbstractBufferingClientHttpRequest.java:48)
	at org.springframework.http.client.AbstractClientHttpRequest.execute(AbstractClientHttpRequest.java:81)
	at org.springframework.web.client.RestTemplate.doExecute(RestTemplate.java:900)
	... 37 more

2026-03-23T13:53:48.607+07:00  WARN 24396 --- [GateWayService] [SpringApplicationShutdownHook] c.n.d.s.t.d.RetryableEurekaHttpClient    : Request execution failed with message: I/O error on DELETE request for "http://localhost:8083/eureka/apps/GATEWAYSERVICE/host.docker.internal:GateWayService:8084": Connect to http://localhost:8083 failed: Connection refused: getsockopt
2026-03-23T13:53:48.612+07:00  INFO 24396 --- [GateWayService] [SpringApplicationShutdownHook] c.n.d.s.t.d.RedirectingEurekaHttpClient  : Request execution error. endpoint=DefaultEndpoint{ serviceUrl='http://localhost:8083/eureka/}, exception=I/O error on DELETE request for "http://localhost:8083/eureka/apps/GATEWAYSERVICE/host.docker.internal:GateWayService:8084": Connect to http://localhost:8083 failed: Connection refused: getsockopt stacktrace=org.springframework.web.client.ResourceAccessException: I/O error on DELETE request for "http://localhost:8083/eureka/apps/GATEWAYSERVICE/host.docker.internal:GateWayService:8084": Connect to http://localhost:8083 failed: Connection refused: getsockopt
	at org.springframework.web.client.RestTemplate.createResourceAccessException(RestTemplate.java:926)
	at org.springframework.web.client.RestTemplate.doExecute(RestTemplate.java:906)
	at org.springframework.web.client.RestTemplate.execute(RestTemplate.java:841)
	at org.springframework.web.client.RestTemplate.exchange(RestTemplate.java:702)
	at org.springframework.cloud.netflix.eureka.http.RestTemplateEurekaHttpClient.cancel(RestTemplateEurekaHttpClient.java:100)
	at com.netflix.discovery.shared.transport.decorator.EurekaHttpClientDecorator$2.execute(EurekaHttpClientDecorator.java:74)
	at com.netflix.discovery.shared.transport.decorator.RedirectingEurekaHttpClient.executeOnNewServer(RedirectingEurekaHttpClient.java:121)
	at com.netflix.discovery.shared.transport.decorator.RedirectingEurekaHttpClient.execute(RedirectingEurekaHttpClient.java:80)
	at com.netflix.discovery.shared.transport.decorator.EurekaHttpClientDecorator.cancel(EurekaHttpClientDecorator.java:71)
	at com.netflix.discovery.shared.transport.decorator.EurekaHttpClientDecorator$2.execute(EurekaHttpClientDecorator.java:74)
	at com.netflix.discovery.shared.transport.decorator.RetryableEurekaHttpClient.execute(RetryableEurekaHttpClient.java:120)
	at com.netflix.discovery.shared.transport.decorator.EurekaHttpClientDecorator.cancel(EurekaHttpClientDecorator.java:71)
	at com.netflix.discovery.shared.transport.decorator.EurekaHttpClientDecorator$2.execute(EurekaHttpClientDecorator.java:74)
	at com.netflix.discovery.shared.transport.decorator.SessionedEurekaHttpClient.execute(SessionedEurekaHttpClient.java:76)
	at com.netflix.discovery.shared.transport.decorator.EurekaHttpClientDecorator.cancel(EurekaHttpClientDecorator.java:71)
	at com.netflix.discovery.DiscoveryClient.unregister(DiscoveryClient.java:919)
	at com.netflix.discovery.DiscoveryClient.shutdown(DiscoveryClient.java:900)
	at java.base/jdk.internal.reflect.DirectMethodHandleAccessor.invoke(DirectMethodHandleAccessor.java:104)
	at java.base/java.lang.reflect.Method.invoke(Method.java:565)
	at org.springframework.beans.factory.annotation.InitDestroyAnnotationBeanPostProcessor$LifecycleMethod.invoke(InitDestroyAnnotationBeanPostProcessor.java:457)
	at org.springframework.beans.factory.annotation.InitDestroyAnnotationBeanPostProcessor$LifecycleMetadata.invokeDestroyMethods(InitDestroyAnnotationBeanPostProcessor.java:415)
	at org.springframework.beans.factory.annotation.InitDestroyAnnotationBeanPostProcessor.postProcessBeforeDestruction(InitDestroyAnnotationBeanPostProcessor.java:239)
	at org.springframework.beans.factory.support.DisposableBeanAdapter.destroy(DisposableBeanAdapter.java:202)
	at org.springframework.beans.factory.support.DisposableBeanAdapter.run(DisposableBeanAdapter.java:195)
	at org.springframework.cloud.context.scope.GenericScope$BeanLifecycleWrapper.destroy(GenericScope.java:387)
	at org.springframework.cloud.context.scope.GenericScope.destroy(GenericScope.java:134)
	at org.springframework.beans.factory.support.DisposableBeanAdapter.destroy(DisposableBeanAdapter.java:211)
	at org.springframework.beans.factory.support.DefaultSingletonBeanRegistry.destroyBean(DefaultSingletonBeanRegistry.java:798)
	at org.springframework.beans.factory.support.DefaultSingletonBeanRegistry.destroySingleton(DefaultSingletonBeanRegistry.java:748)
	at org.springframework.beans.factory.support.DefaultListableBeanFactory.destroySingleton(DefaultListableBeanFactory.java:1474)
	at org.springframework.beans.factory.support.DefaultSingletonBeanRegistry.destroySingletons(DefaultSingletonBeanRegistry.java:707)
	at org.springframework.beans.factory.support.DefaultListableBeanFactory.destroySingletons(DefaultListableBeanFactory.java:1467)
	at org.springframework.context.support.AbstractApplicationContext.destroyBeans(AbstractApplicationContext.java:1219)
	at org.springframework.context.support.AbstractApplicationContext.doClose(AbstractApplicationContext.java:1180)
	at org.springframework.boot.web.reactive.context.ReactiveWebServerApplicationContext.doClose(ReactiveWebServerApplicationContext.java:155)
	at org.springframework.context.support.AbstractApplicationContext.close(AbstractApplicationContext.java:1126)
	at org.springframework.boot.SpringApplicationShutdownHook.closeAndWait(SpringApplicationShutdownHook.java:147)
	at java.base/java.lang.Iterable.forEach(Iterable.java:75)
	at org.springframework.boot.SpringApplicationShutdownHook.run(SpringApplicationShutdownHook.java:116)
	at java.base/java.lang.Thread.run(Thread.java:1474)
Caused by: org.apache.hc.client5.http.HttpHostConnectException: Connect to http://localhost:8083 failed: Connection refused: getsockopt
	at java.base/sun.nio.ch.Net.pollConnect(Native Method)
	at java.base/sun.nio.ch.Net.pollConnectNow(Net.java:639)
	at java.base/sun.nio.ch.NioSocketImpl.timedFinishConnect(NioSocketImpl.java:543)
	at java.base/sun.nio.ch.NioSocketImpl.connect(NioSocketImpl.java:594)
	at java.base/java.net.SocksSocketImpl.connect(SocksSocketImpl.java:284)
	at java.base/java.net.Socket.connect(Socket.java:659)
	at org.apache.hc.client5.http.impl.io.DefaultHttpClientConnectionOperator.connect(DefaultHttpClientConnectionOperator.java:205)
	at org.apache.hc.client5.http.impl.io.PoolingHttpClientConnectionManager.connect(PoolingHttpClientConnectionManager.java:490)
	at org.apache.hc.client5.http.impl.classic.InternalExecRuntime.connectEndpoint(InternalExecRuntime.java:164)
	at org.apache.hc.client5.http.impl.classic.InternalExecRuntime.connectEndpoint(InternalExecRuntime.java:174)
	at org.apache.hc.client5.http.impl.classic.ConnectExec.execute(ConnectExec.java:144)
	at org.apache.hc.client5.http.impl.classic.ExecChainElement.execute(ExecChainElement.java:51)
	at org.apache.hc.client5.http.impl.classic.ProtocolExec.execute(ProtocolExec.java:195)
	at org.apache.hc.client5.http.impl.classic.ExecChainElement.execute(ExecChainElement.java:51)
	at org.apache.hc.client5.http.impl.classic.ContentCompressionExec.execute(ContentCompressionExec.java:150)
	at org.apache.hc.client5.http.impl.classic.ExecChainElement.execute(ExecChainElement.java:51)
	at org.apache.hc.client5.http.impl.classic.HttpRequestRetryExec.execute(HttpRequestRetryExec.java:113)
	at org.apache.hc.client5.http.impl.classic.ExecChainElement.execute(ExecChainElement.java:51)
	at org.apache.hc.client5.http.impl.classic.RedirectExec.execute(RedirectExec.java:110)
	at org.apache.hc.client5.http.impl.classic.ExecChainElement.execute(ExecChainElement.java:51)
	at org.apache.hc.client5.http.impl.classic.InternalHttpClient.doExecute(InternalHttpClient.java:185)
	at org.apache.hc.client5.http.impl.classic.CloseableHttpClient.execute(CloseableHttpClient.java:87)
	at org.apache.hc.client5.http.impl.classic.CloseableHttpClient.execute(CloseableHttpClient.java:55)
	at org.apache.hc.client5.http.classic.HttpClient.executeOpen(HttpClient.java:183)
	at org.springframework.http.client.HttpComponentsClientHttpRequest.executeInternal(HttpComponentsClientHttpRequest.java:99)
	at org.springframework.http.client.AbstractStreamingClientHttpRequest.executeInternal(AbstractStreamingClientHttpRequest.java:71)
	at org.springframework.http.client.AbstractClientHttpRequest.execute(AbstractClientHttpRequest.java:81)
	at org.springframework.http.client.InterceptingClientHttpRequest$InterceptingRequestExecution.execute(InterceptingClientHttpRequest.java:117)
	at org.springframework.cloud.netflix.eureka.http.RestTemplateTransportClientFactory.lambda$restTemplate$2(RestTemplateTransportClientFactory.java:145)
	at org.springframework.http.client.InterceptingClientHttpRequest$InterceptingRequestExecution.execute(InterceptingClientHttpRequest.java:88)
	at org.springframework.http.client.InterceptingClientHttpRequest.executeInternal(InterceptingClientHttpRequest.java:72)
	at org.springframework.http.client.AbstractBufferingClientHttpRequest.executeInternal(AbstractBufferingClientHttpRequest.java:48)
	at org.springframework.http.client.AbstractClientHttpRequest.execute(AbstractClientHttpRequest.java:81)
	at org.springframework.web.client.RestTemplate.doExecute(RestTemplate.java:900)
	... 38 more

2026-03-23T13:53:48.612+07:00  WARN 24396 --- [GateWayService] [SpringApplicationShutdownHook] c.n.d.s.t.d.RetryableEurekaHttpClient    : Request execution failed with message: I/O error on DELETE request for "http://localhost:8083/eureka/apps/GATEWAYSERVICE/host.docker.internal:GateWayService:8084": Connect to http://localhost:8083 failed: Connection refused: getsockopt
2026-03-23T13:53:48.612+07:00 ERROR 24396 --- [GateWayService] [SpringApplicationShutdownHook] com.netflix.discovery.DiscoveryClient    : DiscoveryClient_GATEWAYSERVICE/host.docker.internal:GateWayService:8084 - de-registration failedCannot execute request on any known server

com.netflix.discovery.shared.transport.TransportException: Cannot execute request on any known server
	at com.netflix.discovery.shared.transport.decorator.RetryableEurekaHttpClient.execute(RetryableEurekaHttpClient.java:112)
	at com.netflix.discovery.shared.transport.decorator.EurekaHttpClientDecorator.cancel(EurekaHttpClientDecorator.java:71)
	at com.netflix.discovery.shared.transport.decorator.EurekaHttpClientDecorator$2.execute(EurekaHttpClientDecorator.java:74)
	at com.netflix.discovery.shared.transport.decorator.SessionedEurekaHttpClient.execute(SessionedEurekaHttpClient.java:76)
	at com.netflix.discovery.shared.transport.decorator.EurekaHttpClientDecorator.cancel(EurekaHttpClientDecorator.java:71)
	at com.netflix.discovery.DiscoveryClient.unregister(DiscoveryClient.java:919)
	at com.netflix.discovery.DiscoveryClient.shutdown(DiscoveryClient.java:900)
	at java.base/jdk.internal.reflect.DirectMethodHandleAccessor.invoke(DirectMethodHandleAccessor.java:104)
	at java.base/java.lang.reflect.Method.invoke(Method.java:565)
	at org.springframework.beans.factory.annotation.InitDestroyAnnotationBeanPostProcessor$LifecycleMethod.invoke(InitDestroyAnnotationBeanPostProcessor.java:457)
	at org.springframework.beans.factory.annotation.InitDestroyAnnotationBeanPostProcessor$LifecycleMetadata.invokeDestroyMethods(InitDestroyAnnotationBeanPostProcessor.java:415)
	at org.springframework.beans.factory.annotation.InitDestroyAnnotationBeanPostProcessor.postProcessBeforeDestruction(InitDestroyAnnotationBeanPostProcessor.java:239)
	at org.springframework.beans.factory.support.DisposableBeanAdapter.destroy(DisposableBeanAdapter.java:202)
	at org.springframework.beans.factory.support.DisposableBeanAdapter.run(DisposableBeanAdapter.java:195)
	at org.springframework.cloud.context.scope.GenericScope$BeanLifecycleWrapper.destroy(GenericScope.java:387)
	at org.springframework.cloud.context.scope.GenericScope.destroy(GenericScope.java:134)
	at org.springframework.beans.factory.support.DisposableBeanAdapter.destroy(DisposableBeanAdapter.java:211)
	at org.springframework.beans.factory.support.DefaultSingletonBeanRegistry.destroyBean(DefaultSingletonBeanRegistry.java:798)
	at org.springframework.beans.factory.support.DefaultSingletonBeanRegistry.destroySingleton(DefaultSingletonBeanRegistry.java:748)
	at org.springframework.beans.factory.support.DefaultListableBeanFactory.destroySingleton(DefaultListableBeanFactory.java:1474)
	at org.springframework.beans.factory.support.DefaultSingletonBeanRegistry.destroySingletons(DefaultSingletonBeanRegistry.java:707)
	at org.springframework.beans.factory.support.DefaultListableBeanFactory.destroySingletons(DefaultListableBeanFactory.java:1467)
	at org.springframework.context.support.AbstractApplicationContext.destroyBeans(AbstractApplicationContext.java:1219)
	at org.springframework.context.support.AbstractApplicationContext.doClose(AbstractApplicationContext.java:1180)
	at org.springframework.boot.web.reactive.context.ReactiveWebServerApplicationContext.doClose(ReactiveWebServerApplicationContext.java:155)
	at org.springframework.context.support.AbstractApplicationContext.close(AbstractApplicationContext.java:1126)
	at org.springframework.boot.SpringApplicationShutdownHook.closeAndWait(SpringApplicationShutdownHook.java:147)
	at java.base/java.lang.Iterable.forEach(Iterable.java:75)
	at org.springframework.boot.SpringApplicationShutdownHook.run(SpringApplicationShutdownHook.java:116)
	at java.base/java.lang.Thread.run(Thread.java:1474)

2026-03-23T13:53:48.614+07:00  INFO 24396 --- [GateWayService] [SpringApplicationShutdownHook] com.netflix.discovery.DiscoveryClient    : Completed shut down of DiscoveryClient
2026-03-23T14:20:38.011+07:00  INFO 13496 --- [GateWayService] [main] c.e.G.GateWayServiceApplication          : Starting GateWayServiceApplication using Java 25.0.1 with PID 13496 (C:\Users\vuna1\Desktop\learniverse\learniverse\GateWayService\target\classes started by vuna1 in C:\Users\vuna1\Desktop\learniverse\learniverse)
2026-03-23T14:20:38.014+07:00  INFO 13496 --- [GateWayService] [main] c.e.G.GateWayServiceApplication          : No active profile set, falling back to 1 default profile: "default"
2026-03-23T14:20:38.040+07:00  INFO 13496 --- [GateWayService] [main] o.s.c.c.c.ConfigServerConfigDataLoader   : Fetching config from server at : http://localhost:8082
2026-03-23T14:20:38.041+07:00  INFO 13496 --- [GateWayService] [main] o.s.c.c.c.ConfigServerConfigDataLoader   : Located environment: name=GateWayService, profiles=[default], label=null, version=null, state=null
2026-03-23T14:20:38.856+07:00  INFO 13496 --- [GateWayService] [main] o.s.cloud.context.scope.GenericScope     : BeanFactory id=d65fe887-e1f0-34ae-9153-6718d0cb11aa
2026-03-23T14:20:39.272+07:00  WARN 13496 --- [GateWayService] [main] GatewayClassPathWarningAutoConfiguration : 

**********************************************************

The artifact spring-cloud-gateway-server is deprecated. It will be removed in the next major release. Please add spring-cloud-gateway-server-webflux dependency.

**********************************************************


2026-03-23T14:20:39.471+07:00  INFO 13496 --- [GateWayService] [main] o.s.c.g.r.RouteDefinitionRouteLocator    : Loaded RoutePredicateFactory [After]
2026-03-23T14:20:39.471+07:00  INFO 13496 --- [GateWayService] [main] o.s.c.g.r.RouteDefinitionRouteLocator    : Loaded RoutePredicateFactory [Before]
2026-03-23T14:20:39.472+07:00  INFO 13496 --- [GateWayService] [main] o.s.c.g.r.RouteDefinitionRouteLocator    : Loaded RoutePredicateFactory [Between]
2026-03-23T14:20:39.472+07:00  INFO 13496 --- [GateWayService] [main] o.s.c.g.r.RouteDefinitionRouteLocator    : Loaded RoutePredicateFactory [Cookie]
2026-03-23T14:20:39.472+07:00  INFO 13496 --- [GateWayService] [main] o.s.c.g.r.RouteDefinitionRouteLocator    : Loaded RoutePredicateFactory [Header]
2026-03-23T14:20:39.472+07:00  INFO 13496 --- [GateWayService] [main] o.s.c.g.r.RouteDefinitionRouteLocator    : Loaded RoutePredicateFactory [Host]
2026-03-23T14:20:39.472+07:00  INFO 13496 --- [GateWayService] [main] o.s.c.g.r.RouteDefinitionRouteLocator    : Loaded RoutePredicateFactory [Method]
2026-03-23T14:20:39.472+07:00  INFO 13496 --- [GateWayService] [main] o.s.c.g.r.RouteDefinitionRouteLocator    : Loaded RoutePredicateFactory [Path]
2026-03-23T14:20:39.472+07:00  INFO 13496 --- [GateWayService] [main] o.s.c.g.r.RouteDefinitionRouteLocator    : Loaded RoutePredicateFactory [Query]
2026-03-23T14:20:39.472+07:00  INFO 13496 --- [GateWayService] [main] o.s.c.g.r.RouteDefinitionRouteLocator    : Loaded RoutePredicateFactory [ReadBody]
2026-03-23T14:20:39.472+07:00  INFO 13496 --- [GateWayService] [main] o.s.c.g.r.RouteDefinitionRouteLocator    : Loaded RoutePredicateFactory [RemoteAddr]
2026-03-23T14:20:39.473+07:00  INFO 13496 --- [GateWayService] [main] o.s.c.g.r.RouteDefinitionRouteLocator    : Loaded RoutePredicateFactory [XForwardedRemoteAddr]
2026-03-23T14:20:39.473+07:00  INFO 13496 --- [GateWayService] [main] o.s.c.g.r.RouteDefinitionRouteLocator    : Loaded RoutePredicateFactory [Weight]
2026-03-23T14:20:39.473+07:00  INFO 13496 --- [GateWayService] [main] o.s.c.g.r.RouteDefinitionRouteLocator    : Loaded RoutePredicateFactory [CloudFoundryRouteService]
2026-03-23T14:20:39.673+07:00  INFO 13496 --- [GateWayService] [main] o.s.b.a.e.web.EndpointLinksResolver      : Exposing 30 endpoints beneath base path '/actuator'
2026-03-23T14:20:39.804+07:00  INFO 13496 --- [GateWayService] [main] DiscoveryClientOptionalArgsConfiguration : Eureka HTTP Client uses RestTemplate.
2026-03-23T14:20:39.815+07:00  WARN 13496 --- [GateWayService] [main] s.w.s.StarterDeprecatedAutoConfiguration : 

**********************************************************

spring-cloud-starter-gateway is deprecated. It will be removed in the next major release. Please use spring-cloud-starter-gateway-server-webflux instead.

**********************************************************


2026-03-23T14:20:39.819+07:00  WARN 13496 --- [GateWayService] [main] iguration$LoadBalancerCaffeineWarnLogger : Spring Cloud LoadBalancer is currently working with the default cache. While this cache implementation is useful for development and tests, it's recommended to use Caffeine cache in production.You can switch to using Caffeine cache, by adding it and org.springframework.cache.caffeine.CaffeineCacheManager to the classpath.
2026-03-23T14:20:39.849+07:00  INFO 13496 --- [GateWayService] [main] o.s.c.n.eureka.InstanceInfoFactory       : Setting initial instance status as: STARTING
2026-03-23T14:20:39.861+07:00  INFO 13496 --- [GateWayService] [main] com.netflix.discovery.DiscoveryClient    : Initializing Eureka in region us-east-1
2026-03-23T14:20:39.864+07:00  INFO 13496 --- [GateWayService] [main] c.n.d.s.r.aws.ConfigClusterResolver      : Resolving eureka endpoints via configuration
2026-03-23T14:20:39.870+07:00  INFO 13496 --- [GateWayService] [main] com.netflix.discovery.DiscoveryClient    : Disable delta property : false
2026-03-23T14:20:39.870+07:00  INFO 13496 --- [GateWayService] [main] com.netflix.discovery.DiscoveryClient    : Single vip registry refresh property : null
2026-03-23T14:20:39.870+07:00  INFO 13496 --- [GateWayService] [main] com.netflix.discovery.DiscoveryClient    : Force full registry fetch : false
2026-03-23T14:20:39.870+07:00  INFO 13496 --- [GateWayService] [main] com.netflix.discovery.DiscoveryClient    : Application is null : false
2026-03-23T14:20:39.870+07:00  INFO 13496 --- [GateWayService] [main] com.netflix.discovery.DiscoveryClient    : Registered Applications size is zero : true
2026-03-23T14:20:39.870+07:00  INFO 13496 --- [GateWayService] [main] com.netflix.discovery.DiscoveryClient    : Application version is -1: true
2026-03-23T14:20:39.870+07:00  INFO 13496 --- [GateWayService] [main] com.netflix.discovery.DiscoveryClient    : Getting all instance registry info from the eureka server
2026-03-23T14:20:40.029+07:00  INFO 13496 --- [GateWayService] [main] com.netflix.discovery.DiscoveryClient    : The response status is 200
2026-03-23T14:20:40.030+07:00  INFO 13496 --- [GateWayService] [main] com.netflix.discovery.DiscoveryClient    : Starting heartbeat executor: renew interval is: 30
2026-03-23T14:20:40.031+07:00  INFO 13496 --- [GateWayService] [main] c.n.discovery.InstanceInfoReplicator     : InstanceInfoReplicator onDemand update allowed rate per min is 4
2026-03-23T14:20:40.032+07:00  INFO 13496 --- [GateWayService] [main] com.netflix.discovery.DiscoveryClient    : Discovery Client initialized at timestamp 1774250440031 with initial instances count: 4
2026-03-23T14:20:40.034+07:00  INFO 13496 --- [GateWayService] [main] o.s.c.n.e.s.EurekaServiceRegistry        : Registering application GATEWAYSERVICE with eureka with status UP
2026-03-23T14:20:40.034+07:00  INFO 13496 --- [GateWayService] [main] com.netflix.discovery.DiscoveryClient    : Saw local status change event StatusChangeEvent [timestamp=1774250440034, current=UP, previous=STARTING]
2026-03-23T14:20:40.035+07:00  INFO 13496 --- [GateWayService] [DiscoveryClient-InstanceInfoReplicator-%d] com.netflix.discovery.DiscoveryClient    : DiscoveryClient_GATEWAYSERVICE/host.docker.internal:GateWayService:8084: registering service...
2026-03-23T14:20:40.055+07:00  INFO 13496 --- [GateWayService] [DiscoveryClient-InstanceInfoReplicator-%d] com.netflix.discovery.DiscoveryClient    : DiscoveryClient_GATEWAYSERVICE/host.docker.internal:GateWayService:8084 - registration status: 204
2026-03-23T14:20:40.138+07:00  INFO 13496 --- [GateWayService] [main] o.s.b.web.embedded.netty.NettyWebServer  : Netty started on port 8084 (http)
2026-03-23T14:20:40.140+07:00  INFO 13496 --- [GateWayService] [main] .s.c.n.e.s.EurekaAutoServiceRegistration : Updating port to 8084
2026-03-23T14:20:40.162+07:00  INFO 13496 --- [GateWayService] [main] c.e.G.GateWayServiceApplication          : Started GateWayServiceApplication in 2.824 seconds (process running for 3.28)
2026-03-23T14:25:39.872+07:00  INFO 13496 --- [GateWayService] [AsyncResolver-bootstrap-executor-%d] c.n.d.s.r.aws.ConfigClusterResolver      : Resolving eureka endpoints via configuration
